timeStamp,motorSPD,motorTEMP,packVOLT,packTEMP,packCURR,packCCL
2024-10-26T15:07:23.000000000Z,4154,9683,841,7266,6136,3651
2024-10-26T22:55:32.000000000Z,7855,2326,4180,7281,4081,4578
2024-10-27T08:12:38.000000000Z,2458,8455,9061,8710,458,4202
2024-10-27T04:58:57.000000000Z,1825,5715,4885,4655,1150,1541
2024-10-27T01:28:59.000000000Z,109,9320,9971,5240,6245,1726
2024-10-27T00:30:38.000000000Z,1233,9533,7942,6262,2759,5973
2024-10-26T20:14:33.000000000Z,144,7156,9045,2025,7367,6510
2024-10-27T07:45:11.000000000Z,1778,6837,4847,9301,891,1447
2024-10-26T23:44:39.000000000Z,3849,5140,1638,785,2465,8865
2024-10-27T14:03:18.000000000Z,9507,5574,7442,3966,5175,6470
2024-10-27T11:38:19.000000000Z,5905,9822,6765,6916,8393,2675
2024-10-27T06:08:52.000000000Z,7093,2181,2166,2051,9273,4547
2024-10-27T07:30:31.000000000Z,8765,5055,1611,9889,9775,6288
2024-10-27T08:32:13.000000000Z,8235,2748,2086,6633,9368,7062
2024-10-27T07:02:58.000000000Z,6261,3133,1584,339,5847,8339
2024-10-27T08:16:13.000000000Z,8846,5455,639,1039,7061,5228
2024-10-26T23:14:26.000000000Z,4520,2768,6908,462,3349,4271
2024-10-27T02:55:09.000000000Z,7678,2522,8074,3147,2887,6130
2024-10-27T02:53:23.000000000Z,8781,5624,3860,9836,6766,1334
2024-10-27T10:42:36.000000000Z,4754,8442,254,667,2845,3345
2024-10-27T14:05:44.000000000Z,2448,3088,9496,6156,26,5301
2024-10-27T08:04:03.000000000Z,6838,7753,3484,447,3354,9093
2024-10-27T08:52:30.000000000Z,5874,4092,3367,8363,919,8988
2024-10-27T03:48:08.000000000Z,2152,4265,5691,3759,150,5379
2024-10-26T23:58:58.000000000Z,6862,6180,8275,5047,2914,3149
2024-10-26T20:18:02.000000000Z,5422,3484,5539,8035,9762,2675
2024-10-26T23:51:56.000000000Z,699,2904,109,5227,1737,1066
2024-10-27T10:52:43.000000000Z,8568,1378,9837,2434,5558,3907
2024-10-26T16:14:53.000000000Z,4028,9083,9228,777,6386,2613
2024-10-26T17:05:25.000000000Z,7903,9827,20,6785,8917,827
2024-10-27T07:04:05.000000000Z,6416,1448,7113,1093,6727,9138
2024-10-27T09:20:13.000000000Z,9237,2751,6771,6686,4765,6593
2024-10-26T19:39:20.000000000Z,1949,8347,4517,1671,1514,8244
2024-10-26T23:11:31.000000000Z,5096,6770,3917,9374,4165,6919
2024-10-26T22:31:27.000000000Z,7872,7048,3920,4940,9558,9902
2024-10-27T03:48:56.000000000Z,6719,7488,8165,8249,7280,4934
2024-10-27T11:39:20.000000000Z,2004,4042,9544,6836,2438,3347
2024-10-27T06:58:11.000000000Z,1448,352,4474,9150,4952,7069
2024-10-27T14:37:31.000000000Z,6518,6384,6258,2219,8995,6626
2024-10-27T06:46:55.000000000Z,3140,8958,513,6622,4671,4431
2024-10-27T01:30:06.000000000Z,7439,1339,5597,6371,8864,9928
2024-10-26T17:52:57.000000000Z,1271,3687,3966,3988,7574,6399
2024-10-26T18:12:06.000000000Z,9526,1486,3786,9571,8628,3033
2024-10-26T15:48:52.000000000Z,4036,3846,6154,6890,4567,5601
2024-10-27T14:31:24.000000000Z,356,6963,7240,2403,3164,4254
2024-10-27T01:21:44.000000000Z,9824,8458,3798,8161,2456,7115
2024-10-27T05:09:01.000000000Z,7774,7674,1597,1631,4723,7036
2024-10-26T15:00:07.000000000Z,3994,7375,4410,9076,8425,7644
2024-10-26T18:11:10.000000000Z,6517,2335,9234,4315,6117,9136
2024-10-27T11:18:13.000000000Z,2710,7196,3774,1050,6595,1237
2024-10-27T08:26:25.000000000Z,9355,1344,7539,5758,4466,9284
2024-10-27T04:21:21.000000000Z,7370,6050,3699,962,2307,321
2024-10-27T08:15:17.000000000Z,1789,6160,4969,900,8403,1407
2024-10-26T21:45:12.000000000Z,3880,899,2170,5626,4853,2929
2024-10-26T20:59:55.000000000Z,1451,6307,2491,9858,9805,6365
2024-10-27T12:43:38.000000000Z,7867,1077,8260,5930,1854,8125
2024-10-27T14:50:44.000000000Z,965,1730,4374,4848,9103,1224
2024-10-26T18:51:23.000000000Z,6804,4109,5555,6757,6853,5507
2024-10-27T03:23:22.000000000Z,2118,2801,6229,8140,8777,6075
2024-10-26T23:07:00.000000000Z,6065,8797,5449,8120,2103,7102
2024-10-27T02:05:15.000000000Z,608,5644,9140,5272,3846,3140
2024-10-26T18:45:23.000000000Z,9746,271,9045,2786,3721,7502
2024-10-27T00:04:47.000000000Z,3655,3645,6580,5699,1917,2183
2024-10-27T12:01:49.000000000Z,7597,8762,9198,2223,5958,3003
2024-10-26T23:28:51.000000000Z,6352,2497,2221,5915,3533,8000
2024-10-27T01:48:43.000000000Z,9337,2288,4493,4008,2906,6273
2024-10-26T17:14:44.000000000Z,2502,2016,4747,5383,388,2416
2024-10-26T21:16:51.000000000Z,1375,7534,445,513,306,2991
2024-10-26T23:35:22.000000000Z,3228,1602,8463,2715,4819,4461
2024-10-26T15:05:21.000000000Z,3615,1252,8704,1854,1849,9039
2024-10-27T08:32:03.000000000Z,3850,7694,1147,2734,3015,6895
2024-10-27T10:45:39.000000000Z,937,1250,2262,2758,6403,4519
2024-10-26T15:13:00.000000000Z,5649,6746,8168,4162,5063,5967
2024-10-27T04:43:26.000000000Z,3163,1933,7312,9674,9703,5159
2024-10-26T20:52:41.000000000Z,4297,4497,6421,4606,6888,568
2024-10-27T00:40:50.000000000Z,5362,9772,9180,4769,6208,8831
2024-10-27T02:43:46.000000000Z,7887,9131,8877,5937,5808,873
2024-10-27T07:14:04.000000000Z,6753,1508,5979,7096,899,6196
2024-10-27T10:33:29.000000000Z,6597,6715,9811,300,6955,2423
2024-10-26T18:12:49.000000000Z,5776,393,9635,398,9950,1569
2024-10-27T03:23:53.000000000Z,5333,8668,1787,98,7106,9466
2024-10-27T05:35:17.000000000Z,8811,3565,6151,194,5238,1403
2024-10-26T19:10:06.000000000Z,7341,5079,9368,2360,1176,9067
2024-10-26T20:55:11.000000000Z,6563,502,2688,5366,267,7522
2024-10-26T16:11:40.000000000Z,6623,7746,8926,9826,6234,5950
2024-10-27T06:01:35.000000000Z,2891,6035,6964,1046,3011,899
2024-10-26T23:37:22.000000000Z,2571,3852,3277,2980,4183,8096
2024-10-27T00:55:24.000000000Z,9769,4499,4014,3766,6397,7714
2024-10-26T19:43:40.000000000Z,2996,8104,7157,6027,1973,9957
2024-10-27T07:22:00.000000000Z,3212,7370,8635,4510,7642,4638
2024-10-27T10:47:49.000000000Z,4251,2966,1467,3011,4665,4306
2024-10-27T10:56:26.000000000Z,9304,6116,8996,7954,9228,7724
2024-10-26T17:40:03.000000000Z,7131,236,3629,1070,6843,4693
2024-10-27T11:12:21.000000000Z,108,3208,2349,8104,5777,3146
2024-10-26T22:56:13.000000000Z,9562,5651,3424,4781,8312,1813
2024-10-26T20:36:58.000000000Z,2034,923,8029,3766,3299,177
2024-10-26T19:36:43.000000000Z,7751,126,8094,3510,1040,8081
2024-10-26T22:48:34.000000000Z,9877,7225,4253,448,3053,3356
2024-10-26T20:45:55.000000000Z,7186,7882,7518,2616,7425,4801
2024-10-27T07:25:06.000000000Z,9291,4852,8255,4980,9357,661
2024-10-27T08:15:08.000000000Z,501,2866,4282,4483,9062,1175
2024-10-26T16:57:16.000000000Z,6324,3096,9565,4733,4928,8565
2024-10-26T19:25:51.000000000Z,4470,7172,7829,4251,270,8452
2024-10-26T16:51:04.000000000Z,4030,6054,7127,6262,7557,8211
2024-10-26T21:24:01.000000000Z,6395,5700,9195,6202,5145,5342
2024-10-27T08:14:35.000000000Z,3310,9859,7466,9150,7458,8674
2024-10-26T17:09:55.000000000Z,2795,4940,2655,3744,8176,1720
2024-10-26T19:32:35.000000000Z,7177,2813,9214,5667,4852,704
2024-10-27T06:39:04.000000000Z,3218,9531,9179,1481,261,7415
2024-10-27T03:49:18.000000000Z,6234,6939,2174,7481,52,9966
2024-10-27T06:29:24.000000000Z,3770,8004,259,8727,7808,5115
2024-10-27T08:48:14.000000000Z,1257,4442,6852,7270,8964,6407
2024-10-27T05:00:48.000000000Z,692,4450,1265,8005,3353,573
2024-10-26T17:44:23.000000000Z,8625,6323,9817,1507,3188,9618
2024-10-27T11:33:01.000000000Z,1092,1274,8628,7448,6961,9298
2024-10-26T17:04:46.000000000Z,9164,2440,8382,132,8244,7547
2024-10-26T20:32:29.000000000Z,1051,8327,1760,2346,3416,5199
2024-10-27T11:56:09.000000000Z,2730,9204,8570,9986,6107,4658
2024-10-26T21:30:24.000000000Z,4315,4651,7187,7039,5260,2740
2024-10-27T07:30:26.000000000Z,8129,256,2618,7170,3844,8493
2024-10-27T02:40:48.000000000Z,1521,9885,8525,3209,7705,2306
2024-10-26T17:38:56.000000000Z,6371,5242,4150,113,7903,2919
2024-10-27T07:11:57.000000000Z,8436,9325,1209,2367,7259,2218
2024-10-26T23:03:50.000000000Z,9057,6302,7643,3630,3333,4036
2024-10-26T16:51:23.000000000Z,8845,1465,4552,6375,6980,6914
2024-10-27T13:57:38.000000000Z,1798,9904,9537,2896,7824,6774
2024-10-27T06:07:22.000000000Z,4452,2431,1015,6294,3088,4956
2024-10-26T20:31:53.000000000Z,8908,3681,1225,4079,5744,2251
2024-10-26T17:18:20.000000000Z,341,5424,5549,9369,7122,4091
2024-10-27T00:33:52.000000000Z,9181,1868,4900,9428,5913,5891
2024-10-27T06:55:11.000000000Z,8492,6326,1144,7338,7111,3375
2024-10-27T00:38:14.000000000Z,7267,4799,5896,2898,2338,7838
2024-10-27T13:32:47.000000000Z,6118,8253,9482,9256,9476,7968
2024-10-27T12:57:19.000000000Z,7578,1355,7293,259,8220,3763
2024-10-27T04:40:48.000000000Z,9266,3911,5679,4360,7386,3588
2024-10-27T05:09:46.000000000Z,3050,8928,876,6748,5550,1882
2024-10-27T07:29:46.000000000Z,4931,6318,9464,5977,5380,4308
2024-10-26T15:43:15.000000000Z,8764,3139,7734,8527,9835,3990
2024-10-26T18:43:13.000000000Z,6623,2439,9302,8467,7423,1849
2024-10-26T18:04:55.000000000Z,4474,3419,5641,386,136,3809
2024-10-27T02:30:31.000000000Z,8990,1658,7119,6905,1113,4447
2024-10-27T14:56:53.000000000Z,6764,4741,1129,3439,156,784
2024-10-26T23:27:01.000000000Z,1340,9354,5945,2822,553,5944
2024-10-26T23:59:24.000000000Z,5897,7255,7109,1660,7348,6527
2024-10-26T21:10:53.000000000Z,1990,1789,562,3259,4600,3828
2024-10-27T14:22:41.000000000Z,5595,1732,955,7223,9020,3066
2024-10-26T22:09:02.000000000Z,8305,3597,7705,1968,1759,6538
2024-10-27T05:21:38.000000000Z,8413,9415,7997,1754,9483,7095
2024-10-27T06:14:21.000000000Z,1338,7979,6921,1936,4684,3248
2024-10-27T00:39:16.000000000Z,2208,620,4347,9173,8148,1887
2024-10-26T22:30:32.000000000Z,1089,8608,9065,2408,3664,8733
2024-10-27T10:02:54.000000000Z,8977,3176,1918,149,2680,2346
2024-10-26T18:35:24.000000000Z,5916,1699,8529,1761,5276,1760
2024-10-27T04:43:27.000000000Z,6010,1992,8083,8463,4781,6841
2024-10-26T15:22:53.000000000Z,3681,890,2582,5840,3695,3806
2024-10-26T18:21:02.000000000Z,3701,8428,775,1378,77,8466
2024-10-26T22:21:29.000000000Z,6804,4049,3476,5859,4559,733
2024-10-27T11:43:46.000000000Z,6619,1907,890,9533,654,3766
2024-10-27T10:41:14.000000000Z,4506,5631,5644,2463,883,5826
2024-10-26T21:35:44.000000000Z,3279,2846,3083,1176,2832,9655
2024-10-26T22:20:03.000000000Z,7059,1927,500,6096,4934,4534
2024-10-27T13:45:25.000000000Z,1199,3778,4586,2056,3318,9530
2024-10-27T11:46:27.000000000Z,7545,5777,1126,2315,7357,2938
2024-10-27T13:19:25.000000000Z,3563,7552,6730,1376,5993,4996
2024-10-26T19:40:15.000000000Z,5438,1635,6640,5751,5282,2711
2024-10-27T05:22:35.000000000Z,9528,6007,3063,6178,246,7221
2024-10-27T02:23:46.000000000Z,5566,7622,7860,2234,7178,5841
2024-10-27T09:42:05.000000000Z,5927,921,1976,7574,5232,3731
2024-10-27T03:43:14.000000000Z,1761,5803,1946,4358,9189,1044
2024-10-27T14:57:23.000000000Z,466,7641,7334,3457,776,7180
2024-10-27T12:14:06.000000000Z,643,6640,895,1476,630,6312
2024-10-26T18:17:57.000000000Z,8074,7686,3297,2962,2557,1438
2024-10-26T18:58:51.000000000Z,4688,8760,9483,6217,8236,9644
2024-10-26T21:40:11.000000000Z,2324,7438,5226,6264,1301,3897
2024-10-26T21:20:34.000000000Z,5861,800,299,6988,6083,321
2024-10-26T22:34:53.000000000Z,7395,7182,3376,1482,1640,3959
2024-10-27T06:39:32.000000000Z,8261,2082,108,119,7653,4057
2024-10-26T23:13:50.000000000Z,5083,1823,3239,1974,4681,4341
2024-10-26T21:36:29.000000000Z,5647,150,9039,8946,8742,1511
2024-10-27T12:47:51.000000000Z,923,245,6517,3558,7342,948
2024-10-26T23:59:46.000000000Z,2225,1842,571,2344,1233,7671
2024-10-27T08:28:34.000000000Z,8629,5374,2063,7810,3009,1462
2024-10-27T03:55:30.000000000Z,1751,9701,293,9980,9993,2373
2024-10-27T00:56:26.000000000Z,3424,9941,6069,663,8592,8800
2024-10-27T08:09:45.000000000Z,1303,8887,9532,3489,5628,1014
2024-10-27T14:22:41.000000000Z,3170,4332,9224,7813,6516,2740
2024-10-27T00:47:10.000000000Z,1587,6363,5927,4741,9760,450
2024-10-27T03:41:46.000000000Z,2713,6731,3210,1510,3122,8327
2024-10-26T21:47:27.000000000Z,1231,3251,5566,4313,3686,4076
2024-10-27T09:31:13.000000000Z,4523,4392,3621,8170,9484,1268
2024-10-26T23:55:30.000000000Z,908,2279,345,3359,4631,4100
2024-10-27T07:54:29.000000000Z,4627,9835,5339,4359,4552,9326
2024-10-27T01:14:57.000000000Z,9469,2109,8939,8486,4221,9731
2024-10-26T20:53:39.000000000Z,3289,6530,5556,2413,7616,1006
2024-10-27T14:57:56.000000000Z,3185,4555,343,9421,6646,568
2024-10-26T23:38:33.000000000Z,1829,9419,7222,6809,5890,646
2024-10-27T00:48:30.000000000Z,8282,8809,4325,7371,8711,9230
2024-10-27T05:21:19.000000000Z,7876,4773,9331,9208,6385,4281
2024-10-26T18:55:33.000000000Z,6537,6464,1925,5636,2628,8159
2024-10-26T17:45:25.000000000Z,1349,1252,2012,8561,7222,1001
2024-10-26T20:57:32.000000000Z,91,3762,3379,4643,3244,38
2024-10-27T02:47:00.000000000Z,6890,2135,7391,8812,9152,9460
2024-10-26T21:16:29.000000000Z,4598,4444,4590,5182,4708,3554
2024-10-27T11:34:50.000000000Z,5532,1215,3141,4331,3878,2724
2024-10-27T14:39:19.000000000Z,161,6716,3671,925,3573,7091
2024-10-26T15:56:16.000000000Z,7131,3710,8573,2088,7762,4855
2024-10-27T10:56:55.000000000Z,3342,2480,5675,2356,4956,9216
2024-10-27T12:57:31.000000000Z,7868,5271,9073,3448,4849,4295
2024-10-27T14:52:39.000000000Z,1182,8222,9408,4174,3928,1332
2024-10-26T23:21:44.000000000Z,1227,9147,2544,3057,7762,2093
2024-10-26T17:41:45.000000000Z,9767,7417,9086,7762,4255,5466
2024-10-27T06:24:22.000000000Z,5142,9336,7952,9003,1921,49
2024-10-27T00:01:56.000000000Z,5154,8814,1618,7087,6940,8279
2024-10-27T13:00:36.000000000Z,6133,4118,4500,2545,6619,7560
2024-10-27T12:18:58.000000000Z,2416,385,4742,7243,1133,2480
2024-10-27T09:52:18.000000000Z,3878,464,5641,2798,9946,892
2024-10-27T00:17:29.000000000Z,8526,9354,2347,7583,4265,7769
2024-10-27T01:01:46.000000000Z,1716,7984,5588,6921,3548,3953
2024-10-26T22:04:36.000000000Z,7854,1215,9097,851,4293,5168
2024-10-26T17:11:32.000000000Z,831,6064,7705,4892,8378,6244
2024-10-27T06:34:16.000000000Z,6316,4694,1208,9694,3017,197
2024-10-26T23:21:35.000000000Z,3404,6135,1994,6102,3541,9703
2024-10-27T10:07:16.000000000Z,1368,1614,5211,4029,9634,6699
2024-10-26T21:14:34.000000000Z,6937,9119,3211,4914,3178,2812
2024-10-26T17:03:48.000000000Z,5997,1897,6374,7901,9901,6613
2024-10-26T23:54:59.000000000Z,7784,7252,2144,3283,6558,6482
2024-10-26T21:16:23.000000000Z,4538,3982,5195,646,867,9643
2024-10-26T18:53:15.000000000Z,8713,6063,6342,5498,7319,4216
2024-10-27T03:07:00.000000000Z,4037,2677,8912,5498,720,7024
2024-10-26T20:17:10.000000000Z,1726,6823,896,8973,8761,5146
2024-10-26T20:55:04.000000000Z,3352,4023,7168,3479,2432,1766
2024-10-26T21:58:26.000000000Z,2655,9398,138,3031,6027,4975
2024-10-27T12:58:52.000000000Z,5818,3474,7826,9591,5284,4671
2024-10-27T14:13:28.000000000Z,6449,7814,3788,515,2462,4366
2024-10-27T00:40:20.000000000Z,8639,8348,4775,3993,309,7129
2024-10-27T03:35:04.000000000Z,5873,3726,7525,3189,7701,9633
2024-10-27T02:09:47.000000000Z,1773,2824,4947,4303,5238,7240
2024-10-27T09:54:07.000000000Z,2732,9344,264,194,5662,7497
2024-10-26T17:46:59.000000000Z,8845,6588,9993,1206,5490,5682
2024-10-27T00:47:17.000000000Z,2476,4003,3969,7204,6979,5599
2024-10-27T01:25:08.000000000Z,1914,7305,1789,5606,5346,6187
2024-10-26T15:34:42.000000000Z,5473,4903,5464,8229,2073,3054
2024-10-27T06:14:45.000000000Z,7514,487,856,1287,4404,8288
2024-10-27T12:41:14.000000000Z,7501,8880,368,5619,928,43
2024-10-26T18:31:38.000000000Z,6349,6197,7900,8607,2631,6004
2024-10-26T18:58:11.000000000Z,2585,3363,1191,1622,4798,3347
2024-10-27T03:52:59.000000000Z,3621,4247,6888,7447,6396,3840
2024-10-27T01:05:03.000000000Z,5518,5011,3527,8936,2675,883
2024-10-26T21:41:39.000000000Z,4486,4300,7014,7867,4914,6265
2024-10-26T20:08:19.000000000Z,5738,3518,1544,9306,7575,8074
2024-10-27T04:11:50.000000000Z,7125,4833,4519,234,5548,6789
2024-10-26T21:24:59.000000000Z,6702,4430,1063,5421,4170,3447
2024-10-27T12:55:38.000000000Z,4079,534,3503,1243,3921,3540
2024-10-27T13:58:08.000000000Z,3009,3127,1609,5479,1560,4032
2024-10-26T22:27:28.000000000Z,3249,8050,6547,8741,4675,9658
2024-10-27T07:34:43.000000000Z,4864,4521,2220,2392,3097,410
2024-10-26T21:05:45.000000000Z,1434,674,2849,4740,4653,4407
2024-10-26T18:28:33.000000000Z,3855,110,7338,1243,4087,4299
2024-10-27T09:24:07.000000000Z,7066,9024,5243,6966,962,5571
2024-10-27T06:38:54.000000000Z,8112,5597,130,9589,297,6684
2024-10-27T07:03:39.000000000Z,1327,3914,9597,4409,4792,3406
2024-10-27T13:56:19.000000000Z,5689,1480,5491,9216,2843,6310
2024-10-27T06:31:41.000000000Z,9573,7580,8150,865,1391,2265
2024-10-26T20:53:46.000000000Z,369,4418,5918,255,520,7754
2024-10-27T03:12:44.000000000Z,2433,4006,5804,6120,1940,7799
2024-10-27T03:22:23.000000000Z,9604,8736,8720,7245,9627,7937
2024-10-27T11:28:50.000000000Z,7937,8722,4240,3370,7272,6095
2024-10-26T19:05:26.000000000Z,2927,2247,981,4770,3533,6657
2024-10-26T19:57:00.000000000Z,4574,3976,1827,8840,6813,9262
2024-10-26T20:37:25.000000000Z,5403,2495,3402,6786,2808,8257
2024-10-27T14:10:58.000000000Z,8601,3435,385,2483,5605,1600
2024-10-27T11:31:05.000000000Z,8915,5552,3277,8614,7333,2864
2024-10-27T11:03:33.000000000Z,3908,1516,3979,7730,5434,8750
2024-10-27T05:03:10.000000000Z,4702,2924,6358,6380,9928,4382
2024-10-27T03:43:57.000000000Z,7762,9032,9693,8164,2014,713
2024-10-27T06:58:37.000000000Z,3402,9575,4353,9738,4482,4590
2024-10-26T15:26:52.000000000Z,8649,9300,7786,7284,4215,9681
2024-10-26T15:44:03.000000000Z,8006,1231,8961,1572,7346,1922
2024-10-27T03:50:28.000000000Z,4256,5486,5480,8217,6237,4410
2024-10-26T20:36:36.000000000Z,8290,5548,3513,1866,6454,1677
2024-10-26T23:38:28.000000000Z,2012,3266,3949,4920,6524,3947
2024-10-27T03:53:12.000000000Z,665,5207,2643,1324,6311,8532
2024-10-27T11:23:25.000000000Z,2298,1072,5441,5875,5991,3313
2024-10-27T08:47:02.000000000Z,8379,5880,9878,5411,9847,5806
2024-10-27T07:58:16.000000000Z,8535,4673,2589,1268,6209,8930
2024-10-26T21:17:39.000000000Z,8393,4060,3643,232,3945,6182
2024-10-26T17:40:45.000000000Z,160,1056,2953,2668,4947,7343
2024-10-27T10:42:23.000000000Z,6849,2108,7436,9250,3331,3499
2024-10-27T05:01:59.000000000Z,4837,6650,696,3847,4894,3158
2024-10-27T05:52:56.000000000Z,4069,4436,1396,8446,9007,3178
2024-10-27T11:07:13.000000000Z,1258,3050,3468,9414,8593,6889
2024-10-27T08:44:21.000000000Z,4335,1732,726,9912,2994,3276
2024-10-26T17:02:45.000000000Z,6422,2252,4162,5971,2363,2318
2024-10-26T21:02:16.000000000Z,1426,4912,1710,7412,7324,785
2024-10-27T06:30:47.000000000Z,4432,2290,4533,1814,2765,6992
2024-10-26T23:39:53.000000000Z,9385,7127,3657,4026,9101,164
2024-10-27T04:57:22.000000000Z,6344,1237,6636,2371,4410,1666
2024-10-26T18:47:31.000000000Z,5614,8213,2968,8394,490,854
2024-10-27T13:45:52.000000000Z,9361,5433,9787,3369,5713,5674
2024-10-26T21:54:47.000000000Z,9514,8496,2468,4204,3064,4908
2024-10-26T21:32:55.000000000Z,5726,6566,1625,303,2135,7122
2024-10-26T22:32:21.000000000Z,5964,2068,4089,4639,5061,6193
2024-10-27T04:04:55.000000000Z,6829,967,3746,5326,4965,4186
2024-10-27T07:39:07.000000000Z,2712,1348,6139,5958,6369,2359
2024-10-26T16:28:18.000000000Z,401,8420,3650,6690,2882,8881
2024-10-26T18:22:38.000000000Z,4845,5811,8477,9089,6213,1576
2024-10-26T21:27:32.000000000Z,8229,7473,9839,7722,4818,5018
2024-10-27T08:45:57.000000000Z,4529,21,7244,6504,2422,4481
2024-10-26T17:17:15.000000000Z,2002,8230,7821,8447,4090,2941
2024-10-27T03:04:33.000000000Z,5502,734,4656,5178,2941,9883
2024-10-26T23:47:21.000000000Z,2164,8803,6589,9032,4688,6863
2024-10-27T11:46:04.000000000Z,1424,6330,880,7286,514,3097
2024-10-26T16:32:03.000000000Z,9826,7571,8298,8709,972,7411
2024-10-27T14:46:46.000000000Z,4711,8231,8527,6556,79,9054
2024-10-27T11:10:18.000000000Z,6853,3199,8864,2193,3841,7208
2024-10-27T05:47:19.000000000Z,9869,1572,2642,6286,3056,7257
2024-10-27T12:58:03.000000000Z,8769,1074,4714,2232,7285,9883
2024-10-27T08:08:08.000000000Z,4939,8252,2257,557,8670,2596
2024-10-27T11:15:53.000000000Z,3292,2106,1722,8974,2113,3603
2024-10-27T05:10:15.000000000Z,778,7479,456,5066,9033,1020
2024-10-27T04:06:40.000000000Z,6542,1477,8354,1428,8718,4190
2024-10-27T11:58:15.000000000Z,9411,9316,4321,5860,7258,4398
2024-10-27T03:34:46.000000000Z,9709,8345,9915,6753,4668,9815
2024-10-27T02:09:57.000000000Z,5696,1708,8833,9185,3450,7808
2024-10-27T05:12:05.000000000Z,5026,4015,2166,6808,1584,8123
2024-10-27T07:37:25.000000000Z,8254,4808,7696,8551,8795,8356
2024-10-26T23:34:56.000000000Z,9267,190,7477,2944,7112,7815
2024-10-27T03:13:06.000000000Z,8016,4656,381,8926,6,3812
2024-10-27T07:07:34.000000000Z,3251,9421,7222,4462,5252,3010
2024-10-27T12:48:51.000000000Z,6174,6649,2012,9435,6549,5439
2024-10-27T14:34:42.000000000Z,5755,4888,2781,4176,4632,4636
2024-10-27T13:43:18.000000000Z,9448,7273,5023,8126,1885,480
2024-10-27T07:01:43.000000000Z,6121,2485,7828,5250,4405,6499
2024-10-27T01:58:07.000000000Z,3207,5176,6276,7023,8467,4482
2024-10-27T05:21:18.000000000Z,7107,3654,2035,3723,3619,9802
2024-10-26T21:07:36.000000000Z,4466,813,4820,1052,862,825
2024-10-27T11:50:40.000000000Z,6771,9004,7416,6290,9541,3821
2024-10-27T06:01:43.000000000Z,3483,6259,9420,7578,3901,6965
2024-10-27T02:16:00.000000000Z,9687,2070,9080,9414,729,9546
2024-10-27T01:19:17.000000000Z,4765,6719,5074,764,9428,988
2024-10-27T09:11:42.000000000Z,7632,436,2874,9822,9789,2943
2024-10-27T09:08:52.000000000Z,4094,2504,1724,5821,9735,6978
2024-10-26T21:03:42.000000000Z,1498,1952,7655,4622,2846,2878
2024-10-27T11:05:38.000000000Z,7746,697,6956,6685,844,3037
2024-10-26T22:45:57.000000000Z,8034,7739,7707,5067,6571,7214
2024-10-26T15:18:24.000000000Z,2811,275,2311,2496,8374,6325
2024-10-26T20:15:46.000000000Z,894,3197,5060,6097,2231,8425
2024-10-27T04:37:56.000000000Z,90,2000,1087,6144,1021,4242
2024-10-27T09:23:34.000000000Z,1615,1284,5433,6578,6617,3570
2024-10-26T20:50:21.000000000Z,7134,2251,7890,5644,1522,4741
2024-10-26T19:09:14.000000000Z,6752,9350,4327,6049,2045,6869
2024-10-27T13:40:44.000000000Z,8928,3646,5186,6529,5133,1288
2024-10-27T06:50:03.000000000Z,2192,6348,1850,4469,2544,2
2024-10-27T00:05:25.000000000Z,3497,7215,1333,6275,8713,8543
2024-10-27T11:26:00.000000000Z,9683,2924,9896,33,431,7238
2024-10-26T16:05:45.000000000Z,6269,3566,6258,916,2650,5517
2024-10-27T05:49:28.000000000Z,7177,2415,4436,4430,1666,8758
2024-10-27T02:16:51.000000000Z,8780,6626,6646,1860,634,563
2024-10-27T06:36:45.000000000Z,8738,5618,2710,3559,2936,9037
2024-10-27T03:57:25.000000000Z,9361,9028,7063,3578,8175,346
2024-10-26T20:37:49.000000000Z,2691,3236,7445,3347,5809,7224
2024-10-27T12:18:50.000000000Z,9537,4658,5939,3440,6085,7833
2024-10-27T04:56:35.000000000Z,9986,6851,3709,9639,8008,2409
2024-10-27T04:17:38.000000000Z,4209,6230,8718,2524,7365,8494
2024-10-26T19:46:38.000000000Z,2592,893,2561,9146,4826,7234
2024-10-27T10:12:42.000000000Z,9856,1479,9022,7987,3356,4206
2024-10-27T13:33:15.000000000Z,1424,134,3022,1393,7056,7940
2024-10-26T16:04:08.000000000Z,8295,8539,571,6801,6194,8791
2024-10-27T07:14:20.000000000Z,364,455,2575,8374,9850,606
2024-10-26T22:48:49.000000000Z,2656,5688,9762,3944,5966,4378
2024-10-27T10:42:11.000000000Z,5466,4452,3955,3544,4766,4659
2024-10-27T04:41:17.000000000Z,3940,9252,959,4249,2292,8774
2024-10-26T18:18:06.000000000Z,3917,4774,8213,2736,6140,1319
2024-10-27T06:34:32.000000000Z,2519,4266,5587,6155,2599,450
2024-10-27T10:47:13.000000000Z,7192,4085,9529,8666,3102,4946
2024-10-26T23:28:48.000000000Z,3586,5807,4243,4615,1642,4036
2024-10-26T20:41:14.000000000Z,696,1625,8451,2877,5813,2623
2024-10-26T15:29:48.000000000Z,5185,6274,616,6192,3033,1073
2024-10-26T15:42:52.000000000Z,9194,8100,42,6584,3632,4324
2024-10-26T16:46:54.000000000Z,2859,3076,9048,300,2024,2833
2024-10-27T12:59:52.000000000Z,5633,2034,117,5667,6260,2940
2024-10-26T16:32:38.000000000Z,7024,8437,5043,2196,595,8945
2024-10-27T10:53:36.000000000Z,7393,3635,8835,1745,4389,3018
2024-10-27T00:36:20.000000000Z,5419,910,3223,7482,5099,8493
2024-10-27T14:24:55.000000000Z,1495,9952,6425,6007,6509,7208
2024-10-27T10:27:20.000000000Z,519,2650,8400,1739,6138,5451
2024-10-26T23:18:48.000000000Z,3867,971,6920,8993,4481,3510
2024-10-27T05:41:39.000000000Z,7928,2782,2469,3157,1145,6124
2024-10-27T06:39:43.000000000Z,9916,4628,4631,7134,1181,5455
2024-10-26T17:53:23.000000000Z,6742,1382,6948,9238,7249,5239
2024-10-27T03:39:11.000000000Z,2731,1245,6207,1277,8920,1615
2024-10-27T12:56:41.000000000Z,9945,9580,9296,6007,2620,5837
2024-10-26T16:37:12.000000000Z,1019,9076,8180,8344,43,5519
2024-10-27T13:07:09.000000000Z,9562,5265,4944,5568,9201,7153
2024-10-27T02:13:16.000000000Z,4518,596,3320,8960,9574,5559
2024-10-27T09:02:04.000000000Z,9780,6333,6154,794,2358,2817
2024-10-27T02:20:28.000000000Z,2877,2512,9486,3438,9975,3158
2024-10-26T19:48:42.000000000Z,1818,8929,2213,7751,1108,40
2024-10-27T03:43:48.000000000Z,325,6761,9568,1028,3971,47
2024-10-27T06:33:57.000000000Z,3869,3147,7372,9388,408,8552
2024-10-27T10:02:03.000000000Z,1967,7645,5173,4286,9311,8631
2024-10-27T06:31:54.000000000Z,8919,4393,8532,908,9252,2264
2024-10-27T14:54:40.000000000Z,8575,306,3072,4375,8312,3857
2024-10-27T08:51:32.000000000Z,667,7403,6696,2448,9060,2796
2024-10-26T19:47:41.000000000Z,9605,4786,9822,6392,8497,6951
2024-10-26T18:40:22.000000000Z,5246,3659,9463,3720,4285,5411
2024-10-26T23:06:14.000000000Z,1562,2381,1237,6423,7371,4402
2024-10-26T17:30:47.000000000Z,7353,5864,5118,6690,7570,1775
2024-10-27T11:57:55.000000000Z,4518,8329,7847,4079,4173,3278
2024-10-26T23:17:25.000000000Z,7739,5094,909,4006,1853,4217
2024-10-27T08:23:32.000000000Z,610,4465,3428,4333,6756,1424
2024-10-26T16:26:32.000000000Z,2278,2559,4852,2564,3017,8385
2024-10-27T01:25:10.000000000Z,6359,5804,5221,5465,8352,9605
2024-10-27T00:53:58.000000000Z,4643,4207,5469,42,3813,6524
2024-10-27T03:40:32.000000000Z,5983,4500,9090,2621,2016,3309
2024-10-26T16:48:13.000000000Z,8844,3368,7894,6174,425,3123
2024-10-26T23:11:38.000000000Z,3332,6516,9838,1149,4194,9500
2024-10-27T13:51:10.000000000Z,2110,522,2000,7370,8615,4960
2024-10-27T13:41:01.000000000Z,7178,9328,3664,716,9813,7291
2024-10-27T08:51:20.000000000Z,1113,5926,2215,6552,1570,7483
2024-10-27T11:01:51.000000000Z,9494,3404,1269,8988,1680,8249
2024-10-27T08:14:15.000000000Z,4299,7774,5329,102,773,4372
2024-10-26T22:06:52.000000000Z,1123,7536,2818,4576,5366,2967
2024-10-27T00:42:32.000000000Z,9416,4908,6364,7030,84,7263
2024-10-26T23:58:13.000000000Z,4299,7681,7441,2411,4128,5793
2024-10-27T11:33:39.000000000Z,2887,1388,8375,1775,588,1358
2024-10-26T17:57:18.000000000Z,4944,8337,9326,8901,916,3521
2024-10-27T05:49:41.000000000Z,1665,5913,3638,6510,816,5241
2024-10-26T16:45:18.000000000Z,2183,3353,4936,2771,2518,7804
2024-10-27T04:15:01.000000000Z,5434,252,9472,9234,63,6308
2024-10-27T09:09:32.000000000Z,7272,6609,5943,8369,4310,5758
2024-10-27T02:39:05.000000000Z,7445,1868,7159,6255,6913,8579
2024-10-27T08:55:10.000000000Z,7181,4615,9983,9597,8506,6853
2024-10-27T00:41:26.000000000Z,5913,7472,2361,7887,549,1840
2024-10-27T07:15:37.000000000Z,5319,9315,8117,9478,4811,1357
2024-10-27T12:36:39.000000000Z,3193,3196,3494,7237,2497,3269
2024-10-27T11:56:42.000000000Z,9972,2318,7553,2964,6502,3973
2024-10-26T23:31:25.000000000Z,7725,8799,599,6737,1491,1981
2024-10-27T05:27:44.000000000Z,4017,2525,8023,5577,6073,1875
2024-10-26T17:13:58.000000000Z,4275,8991,2911,2320,5017,8773
2024-10-27T03:59:20.000000000Z,7136,1852,497,2048,8640,8136
2024-10-26T22:57:50.000000000Z,3936,9959,6810,1145,8303,7911
2024-10-27T05:32:02.000000000Z,6297,6676,1073,4555,7044,4608
2024-10-27T11:01:17.000000000Z,7198,8809,8534,3049,3705,2550
2024-10-27T09:51:09.000000000Z,3291,1441,7133,9974,8117,8736
2024-10-26T20:38:59.000000000Z,9448,1568,9970,3814,7595,9617
2024-10-26T18:09:28.000000000Z,9953,4461,270,7550,9903,8312
2024-10-27T14:52:07.000000000Z,1470,8510,6015,4968,34,543
2024-10-27T02:45:14.000000000Z,2941,3042,7529,2465,8273,1608
2024-10-27T07:02:35.000000000Z,7934,459,6618,4320,819,3227
2024-10-26T16:48:13.000000000Z,416,1137,2479,9584,3985,1362
2024-10-27T02:27:41.000000000Z,6733,7484,4430,7337,9328,1611
2024-10-27T05:50:43.000000000Z,5393,2932,8549,5416,4264,6909
2024-10-27T14:39:57.000000000Z,3501,5909,8239,8084,9304,1324
2024-10-26T17:55:02.000000000Z,9024,8805,7316,4926,5228,8134
2024-10-26T17:10:19.000000000Z,2613,2975,1212,5011,6881,4857
2024-10-26T19:04:31.000000000Z,2643,4536,4017,6302,2990,9279
2024-10-27T07:28:08.000000000Z,9605,2201,7209,5106,4172,8172
2024-10-26T21:24:42.000000000Z,5439,5623,4985,5620,7863,3611
2024-10-27T08:31:37.000000000Z,7653,5421,3344,1859,800,5657
2024-10-26T23:18:01.000000000Z,1847,7962,4193,2789,5408,5187
2024-10-27T07:31:48.000000000Z,5070,2103,1636,7154,9339,9194
2024-10-27T03:02:41.000000000Z,4725,4578,6897,6268,9999,7001
2024-10-27T00:04:01.000000000Z,286,658,2800,4696,7894,5179
2024-10-27T07:03:15.000000000Z,744,5904,1052,331,2001,960
2024-10-27T14:23:40.000000000Z,2869,2096,2256,2574,7229,4309
2024-10-27T02:32:31.000000000Z,6837,4973,1858,3645,6024,4038
2024-10-26T18:18:33.000000000Z,3074,4087,1104,2995,3486,7126
2024-10-26T18:53:00.000000000Z,7427,1574,7435,5920,1912,7103
2024-10-27T12:45:58.000000000Z,5812,176,8354,452,7786,7019
2024-10-27T01:40:41.000000000Z,7783,3352,6361,476,124,5373
2024-10-27T08:14:57.000000000Z,4867,7350,7753,5003,9017,3741
2024-10-27T00:26:42.000000000Z,4124,1480,8254,8620,1965,5857
2024-10-27T14:49:43.000000000Z,3524,2510,2059,1023,9119,5944
2024-10-27T04:32:52.000000000Z,3184,28,4020,1672,97,3840
2024-10-27T14:44:14.000000000Z,3126,9430,1582,1316,9827,7442
2024-10-26T17:18:03.000000000Z,4525,6530,6076,438,8752,1547
2024-10-27T07:55:37.000000000Z,437,336,2496,3514,1551,1667
2024-10-27T00:21:25.000000000Z,6940,2384,3489,4435,515,6562
2024-10-26T15:29:57.000000000Z,1687,3431,9072,2971,3315,1394
2024-10-27T04:08:52.000000000Z,957,2975,1863,5499,8552,8363
2024-10-27T06:29:26.000000000Z,1672,8050,4862,9414,1109,6917
2024-10-26T18:13:22.000000000Z,1998,4146,8209,8590,9064,1838
2024-10-27T13:53:34.000000000Z,4964,6465,5629,3012,2329,4799
2024-10-27T07:22:19.000000000Z,8187,1735,7231,743,7451,3672
2024-10-26T18:59:24.000000000Z,6479,4507,8821,4497,7747,7445
2024-10-27T02:54:20.000000000Z,407,2648,2460,4712,7156,1456
2024-10-26T19:59:53.000000000Z,5426,9682,4633,7264,2828,1596
2024-10-26T17:40:56.000000000Z,1848,5738,2603,6846,6636,5731
2024-10-26T19:26:23.000000000Z,6982,2007,4789,7240,5373,1296
2024-10-27T07:14:44.000000000Z,2170,5632,8634,5297,7498,4449
2024-10-26T18:01:51.000000000Z,1330,4416,5995,6614,8369,374
2024-10-26T21:55:20.000000000Z,8794,3243,2465,4144,4652,74
2024-10-26T18:17:09.000000000Z,6675,1043,4086,9169,1357,6864
2024-10-27T05:12:11.000000000Z,2681,629,9058,1047,5417,927
2024-10-27T07:35:05.000000000Z,9069,8780,4206,4364,1656,6910
2024-10-27T14:02:56.000000000Z,3446,920,278,966,9790,2697
2024-10-27T04:33:55.000000000Z,7175,3075,1324,2781,9129,931
2024-10-27T01:49:26.000000000Z,5695,6326,4850,632,6164,5223
2024-10-27T13:33:04.000000000Z,4463,3543,1878,1834,6232,8448
2024-10-26T21:09:00.000000000Z,5159,5590,7329,4656,6442,3221
2024-10-26T17:12:51.000000000Z,6250,9004,6390,9171,6125,9109
2024-10-26T19:13:47.000000000Z,9573,1713,299,1473,4965,8658
2024-10-26T18:35:26.000000000Z,5778,2959,1152,3714,9109,6478
2024-10-27T02:09:36.000000000Z,4524,4894,2808,9335,6879,9901
2024-10-27T03:19:57.000000000Z,3799,7863,983,7042,2286,1187
2024-10-26T19:02:51.000000000Z,8171,9800,5246,3001,2426,528
2024-10-26T17:24:45.000000000Z,227,1851,8049,2035,2961,9258
2024-10-26T22:07:01.000000000Z,4290,5086,820,6343,9814,7401
2024-10-26T19:00:39.000000000Z,8697,3739,5637,7343,1062,5013
2024-10-26T19:55:04.000000000Z,257,1917,7296,7854,8187,658
2024-10-27T13:58:10.000000000Z,5206,8201,5233,5128,7227,5844
2024-10-27T02:12:09.000000000Z,1491,5519,6907,7794,2142,5457
2024-10-27T08:11:46.000000000Z,5348,7873,1032,6887,1770,4664
2024-10-27T05:57:09.000000000Z,2308,2394,5596,8725,5244,7266
2024-10-26T19:35:37.000000000Z,1071,2642,6484,8938,4660,4444
2024-10-27T13:10:24.000000000Z,8609,7145,8802,5370,9054,8425
2024-10-27T02:53:13.000000000Z,7812,911,3957,6848,5605,9620
2024-10-26T21:26:08.000000000Z,3525,6046,8628,8424,7007,9743
2024-10-27T11:27:13.000000000Z,6824,7710,3443,5297,1308,4175
2024-10-26T16:11:13.000000000Z,4999,6862,7,5206,7588,5009
2024-10-26T19:26:15.000000000Z,2101,7198,3931,1572,9387,7153
2024-10-27T03:47:59.000000000Z,6475,1554,7752,2999,4415,428
2024-10-26T15:55:45.000000000Z,6824,7498,857,8709,9123,8790
2024-10-27T12:15:40.000000000Z,4662,3452,8395,9132,720,9520
2024-10-27T11:54:13.000000000Z,7699,6213,5891,2575,5930,8182
2024-10-27T03:02:56.000000000Z,3204,6291,7727,5837,5080,2960
2024-10-26T23:08:27.000000000Z,2837,3370,8381,687,876,6176
2024-10-27T07:40:53.000000000Z,8113,851,4569,7452,4267,3294
2024-10-27T10:05:21.000000000Z,7538,2085,5715,9866,5360,4607
2024-10-27T10:45:57.000000000Z,4825,2856,5893,8560,8277,9328
2024-10-27T08:10:14.000000000Z,9161,7564,293,5290,970,388
2024-10-26T16:02:35.000000000Z,5162,7067,7266,643,700,3190
2024-10-26T19:16:54.000000000Z,2477,852,7739,4658,1957,8747
2024-10-27T10:41:19.000000000Z,2415,3947,7377,2580,6885,4023
2024-10-27T03:25:30.000000000Z,4596,3504,5952,909,1514,439
2024-10-27T06:33:22.000000000Z,8499,6274,3681,95,9470,8404
2024-10-27T11:49:26.000000000Z,2780,7480,4067,1688,9172,4196
2024-10-27T14:42:02.000000000Z,8924,3775,9775,3542,9562,8962
2024-10-27T08:39:00.000000000Z,9043,5142,6644,1283,3208,8282
2024-10-27T14:53:22.000000000Z,4267,655,5479,580,6709,1266
2024-10-27T02:34:00.000000000Z,808,89,7858,4051,5146,7355
2024-10-27T13:45:02.000000000Z,8735,9659,2284,6815,3510,6703
2024-10-26T23:02:39.000000000Z,2726,636,5978,6067,2323,7771
2024-10-27T10:40:03.000000000Z,6474,7035,6734,4236,3907,8461
2024-10-27T11:09:46.000000000Z,7609,199,5669,3330,9913,7659
2024-10-26T21:24:38.000000000Z,4428,5206,1131,5035,1968,1676
2024-10-27T07:51:42.000000000Z,5215,334,6011,1860,3203,1045
2024-10-26T18:52:24.000000000Z,102,7785,5401,3699,2178,9459
2024-10-27T10:19:15.000000000Z,7675,1342,4344,3805,683,6088
2024-10-26T22:43:54.000000000Z,5712,6710,7429,593,1016,2435
2024-10-26T18:05:38.000000000Z,8694,8821,8637,3758,9221,8931
2024-10-26T18:50:07.000000000Z,357,7885,4603,1523,4598,7598
2024-10-27T03:47:30.000000000Z,9754,285,9835,9232,1734,7821
2024-10-27T14:16:11.000000000Z,8778,3031,1485,7786,6749,5314
2024-10-27T04:09:12.000000000Z,7571,9170,6000,3221,2381,5682
2024-10-26T21:59:34.000000000Z,6003,4690,8749,3186,8372,8941
2024-10-27T10:43:30.000000000Z,183,1997,2610,6239,2292,7350
2024-10-26T22:45:00.000000000Z,152,3764,5038,916,5534,9939
2024-10-27T07:41:30.000000000Z,7579,9459,8902,5198,6524,9584
2024-10-26T23:36:43.000000000Z,5759,6085,8908,997,112,8580
2024-10-26T19:39:41.000000000Z,2323,4392,9641,4480,5419,82
2024-10-27T05:33:41.000000000Z,3415,5863,6877,7529,5430,305
2024-10-27T06:49:33.000000000Z,1912,4040,9494,9497,1387,1372
2024-10-26T19:46:41.000000000Z,7059,4069,1265,4533,7821,6128
2024-10-27T08:36:29.000000000Z,5578,8601,1932,1923,6283,6534
2024-10-27T03:21:23.000000000Z,1023,4031,8352,5632,47,2221
2024-10-27T02:20:16.000000000Z,9559,1624,1083,6386,1347,3214
2024-10-27T03:23:51.000000000Z,9755,3809,7017,2646,975,2894
2024-10-26T17:15:27.000000000Z,6532,2170,9141,3746,1499,2341
2024-10-27T11:00:37.000000000Z,4829,1071,7241,1960,3422,926
2024-10-26T20:04:40.000000000Z,6620,6827,6715,7176,4451,5384
2024-10-26T19:36:50.000000000Z,4685,9216,1835,2055,1969,9875
2024-10-26T17:50:01.000000000Z,4845,2619,3099,6696,2301,3538
2024-10-27T07:27:12.000000000Z,7878,1692,4177,829,3515,3258
2024-10-27T13:49:14.000000000Z,2323,8162,7737,1889,6863,3165
2024-10-26T18:53:59.000000000Z,2964,9111,2426,6456,2865,8347
2024-10-27T02:39:59.000000000Z,9975,7409,2654,6786,3688,3639
2024-10-27T05:55:08.000000000Z,8273,1037,2952,7125,175,6987
2024-10-27T14:05:18.000000000Z,4703,2893,1801,6758,4881,619
2024-10-27T13:11:50.000000000Z,7185,3376,9471,8225,4912,396
2024-10-26T15:31:57.000000000Z,8397,5536,2231,1727,2917,2177
2024-10-26T17:30:50.000000000Z,1815,8775,1254,8292,3794,7902
2024-10-27T03:44:58.000000000Z,527,3283,7786,7345,5292,1877
2024-10-26T18:09:20.000000000Z,6727,5356,6253,5218,6863,759
2024-10-26T20:53:13.000000000Z,1379,2228,2642,4561,2613,4720
2024-10-27T10:18:08.000000000Z,1964,5362,3660,8930,7802,5841
2024-10-26T23:15:57.000000000Z,2928,5890,6902,4565,4328,7576
2024-10-27T07:08:27.000000000Z,6891,5639,1122,7793,641,6342
2024-10-26T17:53:04.000000000Z,3813,8666,316,6470,962,6894
2024-10-26T22:53:55.000000000Z,7423,6528,4454,8385,46,9734
2024-10-27T13:20:33.000000000Z,2226,450,1755,1276,1808,4521
2024-10-27T08:01:54.000000000Z,826,7,4501,4315,8700,5111
2024-10-27T12:23:50.000000000Z,6935,2156,7551,9300,3782,6640
2024-10-27T04:30:36.000000000Z,5774,1869,1564,2590,63,9319
2024-10-27T05:58:52.000000000Z,7330,1603,258,2546,648,2665
2024-10-27T12:22:25.000000000Z,2263,2273,137,9942,2209,742
2024-10-27T01:34:40.000000000Z,5511,3703,9451,9920,3373,1650
2024-10-26T21:53:52.000000000Z,6897,6525,7976,4746,5977,9107
2024-10-26T15:51:32.000000000Z,5603,5490,1157,4701,610,3492
2024-10-27T03:53:46.000000000Z,4127,7011,4042,6606,6699,2490
2024-10-27T08:51:25.000000000Z,1231,9603,521,6660,3376,2279
2024-10-27T10:34:11.000000000Z,6194,8327,3496,7607,6598,2627
2024-10-27T13:33:56.000000000Z,804,2537,3378,9976,8211,5488
2024-10-27T13:33:52.000000000Z,4060,786,7629,4358,1292,4927
2024-10-27T05:55:22.000000000Z,3259,8862,7334,2097,5293,1821
2024-10-26T23:55:57.000000000Z,9596,9568,8558,6575,7144,2167
2024-10-27T01:31:37.000000000Z,675,9981,4148,8188,3538,1350
2024-10-27T08:14:08.000000000Z,7253,622,1340,9448,7399,2663
2024-10-27T02:41:45.000000000Z,8865,3490,394,86,5910,4367
2024-10-27T09:37:08.000000000Z,5428,3913,6571,2861,3975,6412
2024-10-26T19:51:55.000000000Z,2457,859,1466,4010,4519,6759
2024-10-26T21:00:44.000000000Z,5132,2736,2765,4696,6191,2198
2024-10-27T09:41:01.000000000Z,8138,3076,5591,7117,6100,4335
2024-10-27T10:09:39.000000000Z,1813,934,7338,4449,4509,8989
2024-10-27T12:18:54.000000000Z,2186,6408,1368,8157,1306,1140
2024-10-27T09:26:37.000000000Z,2513,5560,1478,9175,2226,4362
2024-10-27T06:28:21.000000000Z,8978,8658,3020,7636,3547,2703
2024-10-27T13:20:42.000000000Z,911,8043,8941,565,7239,4575
2024-10-26T22:12:05.000000000Z,8221,1613,3848,4668,6392,1966
2024-10-27T05:38:22.000000000Z,7688,8192,4465,5106,6985,9698
2024-10-26T20:05:37.000000000Z,6224,4769,465,1926,7700,1640
2024-10-27T12:52:50.000000000Z,7295,7092,2604,1970,799,9429
2024-10-27T01:26:33.000000000Z,6085,1667,5233,4278,1247,3811
2024-10-27T00:13:35.000000000Z,8903,2510,2805,2373,2166,3936
2024-10-26T19:26:46.000000000Z,9397,5751,1242,3516,2286,7449
2024-10-26T21:24:07.000000000Z,6952,1112,8236,2015,7988,1530
2024-10-27T08:41:13.000000000Z,607,9946,1434,3549,6368,1402
2024-10-27T05:41:06.000000000Z,2867,857,8368,6203,9114,9036
2024-10-26T17:32:30.000000000Z,2375,9340,8810,1844,2289,3396
2024-10-27T08:28:54.000000000Z,3814,3398,6502,5539,2821,5235
2024-10-26T22:23:29.000000000Z,8602,8539,5673,5800,8364,3388
2024-10-27T13:16:05.000000000Z,6932,6388,966,6674,6341,2347
2024-10-27T00:41:55.000000000Z,7239,9645,9002,5112,7908,8429
2024-10-27T04:23:31.000000000Z,4268,9541,301,3260,9457,2673
2024-10-27T09:49:22.000000000Z,568,5227,176,6612,585,1343
2024-10-27T06:34:24.000000000Z,767,1233,4102,2464,7987,8698
2024-10-26T18:05:48.000000000Z,7936,7949,6543,5013,6432,3423
2024-10-27T08:40:23.000000000Z,7393,794,7048,1474,5417,7449
2024-10-26T20:41:02.000000000Z,7856,3412,9776,5499,5200,8983
2024-10-26T20:57:38.000000000Z,5640,3661,4828,2582,6112,6383
2024-10-27T08:15:14.000000000Z,541,7108,68,9805,8330,2429
2024-10-27T14:24:24.000000000Z,6392,1458,7258,6386,4356,911
2024-10-26T21:47:32.000000000Z,5631,4621,8872,1400,6484,983
2024-10-27T07:24:24.000000000Z,7227,4438,3891,7686,2604,8133
2024-10-27T00:38:15.000000000Z,8393,1609,2916,4630,7556,4571
2024-10-27T12:01:13.000000000Z,5953,9378,4716,6036,6130,3185
2024-10-27T10:56:38.000000000Z,4084,5495,3303,9594,3964,1727
2024-10-26T20:35:48.000000000Z,5143,9131,5268,5832,3316,453
2024-10-26T17:16:01.000000000Z,8116,756,6240,873,3107,9122
2024-10-27T08:38:11.000000000Z,6298,191,4747,6948,7711,9695
2024-10-27T04:22:54.000000000Z,1584,8925,5998,2690,6008,3480
2024-10-26T18:47:44.000000000Z,4663,8096,6481,5704,4643,9817
2024-10-26T18:20:39.000000000Z,2048,5039,8363,8785,2631,5857
2024-10-26T18:20:04.000000000Z,7901,3294,203,3579,3706,5854
2024-10-26T15:56:46.000000000Z,1002,4982,2187,4951,7011,2298
2024-10-26T22:42:47.000000000Z,9887,1149,6472,6326,389,8197
2024-10-27T12:13:43.000000000Z,7854,9583,7571,6531,4007,8629
2024-10-27T12:15:30.000000000Z,2365,3859,9451,6537,4616,7456
2024-10-27T04:38:40.000000000Z,1885,1729,2356,5957,5879,6148
2024-10-26T16:43:49.000000000Z,9628,6606,9927,1154,8509,4340
2024-10-26T21:32:54.000000000Z,9401,9958,9959,778,6657,8573
2024-10-26T23:14:17.000000000Z,5378,9175,3149,2805,6039,8876
2024-10-26T20:51:48.000000000Z,858,5849,4801,3575,3207,7388
2024-10-27T11:52:08.000000000Z,9420,7522,3393,4506,5686,6520
2024-10-27T08:40:29.000000000Z,5564,9609,420,1488,4309,7194
2024-10-26T21:39:38.000000000Z,5170,5484,9664,1287,8979,5583
2024-10-27T05:45:33.000000000Z,4215,2463,1264,3546,1767,2988
2024-10-27T03:16:03.000000000Z,206,8002,9818,9696,4919,2350
2024-10-27T09:16:00.000000000Z,5315,1507,2362,4938,9855,4970
2024-10-27T13:47:24.000000000Z,9037,1460,3507,7605,9497,2371
2024-10-26T23:19:59.000000000Z,8312,5833,2118,8166,6842,1262
2024-10-27T11:24:05.000000000Z,5305,9811,9759,559,5867,7248
2024-10-26T17:28:03.000000000Z,167,853,2559,3800,1423,9167
2024-10-27T11:41:18.000000000Z,7042,99,4132,5406,6218,8836
2024-10-27T14:22:48.000000000Z,7199,2212,8792,8626,9877,6148
2024-10-27T03:16:23.000000000Z,1205,7707,2751,8865,4319,7369
2024-10-27T14:27:10.000000000Z,2389,3946,6194,8787,3402,5957
2024-10-27T08:00:18.000000000Z,4897,5172,5592,4542,728,4311
2024-10-27T12:26:45.000000000Z,620,4131,886,9002,4567,1259
2024-10-26T17:10:26.000000000Z,7620,7069,7903,7539,7698,9613
2024-10-27T02:36:46.000000000Z,945,7925,9657,7469,5792,9849
2024-10-26T16:03:51.000000000Z,8528,6545,2291,5584,5585,9871
2024-10-26T19:20:29.000000000Z,1615,6131,8182,245,5259,4123
2024-10-27T02:50:52.000000000Z,8133,7891,5632,6498,3266,3714
2024-10-26T17:31:12.000000000Z,1391,6684,4582,7465,84,9119
2024-10-27T12:09:52.000000000Z,9557,4988,5719,3860,155,6159
2024-10-27T03:02:31.000000000Z,2189,8652,9884,1886,462,3015
2024-10-27T14:48:54.000000000Z,6628,6053,6916,5581,5606,4282
2024-10-27T11:29:07.000000000Z,9219,7617,3981,9662,426,2387
2024-10-26T17:02:24.000000000Z,7340,958,22,4172,5304,1409
2024-10-27T06:06:48.000000000Z,8255,3028,2881,5480,6441,1357
2024-10-27T01:06:57.000000000Z,5880,2458,9767,5648,8845,8746
2024-10-27T02:55:49.000000000Z,4111,3569,7530,4814,5648,3177
2024-10-27T06:09:45.000000000Z,4509,3258,4464,75,1063,5133
2024-10-26T22:06:06.000000000Z,2852,9517,1043,2689,3400,2787
2024-10-27T07:16:58.000000000Z,9611,6777,7686,1001,9,1652
2024-10-26T16:01:00.000000000Z,7783,4671,581,4496,1720,7838
2024-10-26T16:49:33.000000000Z,4692,9098,6651,3680,7311,798
2024-10-27T00:05:08.000000000Z,8384,5247,7303,2704,2709,6331
2024-10-27T14:45:51.000000000Z,7998,1279,7215,3824,570,8399
2024-10-26T19:10:48.000000000Z,2383,357,5373,9029,5167,3869
2024-10-27T05:03:59.000000000Z,4974,5073,303,699,9495,2106
2024-10-27T09:36:22.000000000Z,7654,9178,9692,4971,9703,7575
2024-10-26T20:58:57.000000000Z,9943,4251,3088,3667,8514,788
2024-10-27T02:26:00.000000000Z,6175,2877,1722,6214,1607,4670
2024-10-27T02:36:02.000000000Z,7684,3814,8388,7227,7678,2561
2024-10-27T11:24:17.000000000Z,5169,4901,5081,5133,6968,7804
2024-10-27T12:35:35.000000000Z,6198,1835,3481,178,7693,9859
2024-10-27T01:40:50.000000000Z,8082,427,9453,6793,8992,4982
2024-10-27T01:02:36.000000000Z,3743,4117,7784,7629,1293,2500
2024-10-27T13:52:44.000000000Z,8718,5119,4039,655,7350,749
2024-10-27T00:27:12.000000000Z,4125,9298,1705,8932,6417,2340
2024-10-27T02:47:13.000000000Z,5799,403,3779,8380,8172,9368
2024-10-26T23:32:09.000000000Z,5793,6335,731,524,6693,448
2024-10-26T17:06:16.000000000Z,4462,1866,4488,5470,6108,9153
2024-10-27T12:30:33.000000000Z,4929,6484,7366,6968,8729,2799
2024-10-26T22:34:47.000000000Z,3176,1608,3416,8643,1247,2792
2024-10-27T07:17:46.000000000Z,276,281,8558,5792,2034,322
2024-10-27T12:58:14.000000000Z,9669,7222,5320,9796,1684,9170
2024-10-26T21:07:41.000000000Z,4679,7801,7500,82,7519,4693
2024-10-27T09:58:32.000000000Z,6668,7183,7668,3191,9550,6474
2024-10-27T08:11:35.000000000Z,9976,7127,494,983,9205,7197
2024-10-26T22:40:09.000000000Z,7915,6919,8126,9858,3127,643
2024-10-27T05:22:48.000000000Z,3217,3862,9816,1660,6540,6093
2024-10-27T07:32:41.000000000Z,3190,1011,5599,6869,4832,9875
2024-10-27T01:46:54.000000000Z,30,7382,5117,5541,5830,6548
2024-10-27T05:39:31.000000000Z,9148,1983,1969,3656,3680,3389
2024-10-27T05:28:38.000000000Z,4103,4016,1225,7015,9410,2954
2024-10-26T17:25:54.000000000Z,867,2811,8218,406,6607,8562
2024-10-27T02:52:20.000000000Z,8662,7107,4353,2590,8368,3910
2024-10-26T19:25:37.000000000Z,1984,7002,6691,5660,1028,824
2024-10-26T19:03:23.000000000Z,4091,9359,9651,3706,4047,7208
2024-10-27T09:32:45.000000000Z,3945,137,248,918,6805,6274
2024-10-27T06:23:26.000000000Z,6553,9050,7392,812,3904,3586
2024-10-26T21:24:41.000000000Z,6845,5743,5966,8240,7661,684
2024-10-26T16:58:53.000000000Z,5167,8941,6043,6151,9070,8003
2024-10-26T20:06:59.000000000Z,6340,9806,7243,9077,8118,384
2024-10-27T01:25:16.000000000Z,2199,2125,1880,8893,6054,4697
2024-10-26T20:39:43.000000000Z,2521,9114,5083,121,4954,4434
2024-10-26T22:07:25.000000000Z,8963,5545,1908,8778,7705,9615
2024-10-27T01:18:05.000000000Z,6576,2766,9741,4997,7943,7241
2024-10-26T23:41:33.000000000Z,2873,2757,4839,2992,3150,3560
2024-10-26T23:29:11.000000000Z,5942,4270,3233,8049,2291,8897
2024-10-27T06:21:27.000000000Z,2719,6524,8940,1600,5216,7573
2024-10-26T19:10:15.000000000Z,7910,6821,8250,4567,972,9128
2024-10-27T01:08:12.000000000Z,9185,2598,4840,7098,6899,839
2024-10-26T22:02:34.000000000Z,2803,5191,3791,6948,4259,5860
2024-10-27T02:08:57.000000000Z,3085,8371,5115,2040,2611,397
2024-10-27T09:23:19.000000000Z,5662,6850,91,5023,9999,8829
2024-10-26T16:38:12.000000000Z,6427,4017,2587,2611,5838,6715
2024-10-27T01:05:28.000000000Z,3928,5457,8263,4942,6124,6213
2024-10-27T07:09:31.000000000Z,9804,1871,2450,4839,8514,9966
2024-10-27T12:15:01.000000000Z,2337,5663,4490,9946,2740,6953
2024-10-27T05:25:16.000000000Z,7682,757,1847,6211,2482,9507
2024-10-26T22:10:19.000000000Z,8582,9879,1857,6516,9880,7887
2024-10-27T09:43:42.000000000Z,6895,582,2734,254,4182,7712
2024-10-27T01:34:56.000000000Z,8082,6560,7143,7577,9878,3884
2024-10-27T05:46:46.000000000Z,338,6735,4729,5282,921,7604
2024-10-27T10:54:09.000000000Z,5025,5581,7555,1389,6475,7684
2024-10-27T12:53:54.000000000Z,3611,7230,5030,7632,3338,9793
2024-10-26T16:36:57.000000000Z,2512,5759,7977,2659,6450,8424
2024-10-27T14:06:39.000000000Z,8947,8286,807,2902,8138,4152
2024-10-27T12:42:23.000000000Z,364,5008,2761,7967,5481,3973
2024-10-27T11:46:35.000000000Z,7276,6554,1800,1849,7517,998
2024-10-26T19:10:43.000000000Z,6338,9203,5077,2755,3271,8535
2024-10-26T23:32:06.000000000Z,4594,2252,4059,9609,2123,7491
2024-10-26T16:01:51.000000000Z,5764,3134,7984,9366,9844,970
2024-10-26T15:50:00.000000000Z,6788,7612,4506,8970,300,725
2024-10-26T19:08:59.000000000Z,9524,4315,4592,3108,3829,7043
2024-10-27T03:25:33.000000000Z,8826,4670,76,9724,4364,7027
2024-10-27T13:51:16.000000000Z,6897,127,7185,5629,9104,4620
2024-10-26T23:55:25.000000000Z,9903,9227,6360,7133,9131,3486
2024-10-27T05:41:36.000000000Z,9627,9969,5532,7729,8483,7299
2024-10-27T02:24:06.000000000Z,622,8206,6638,1409,689,9808
2024-10-27T01:23:12.000000000Z,1071,200,6826,3633,492,4953
2024-10-27T02:37:21.000000000Z,4446,6311,9806,3445,7403,4350
2024-10-27T07:04:06.000000000Z,2631,8529,1563,233,5303,5255
2024-10-26T15:38:40.000000000Z,9281,6100,5178,9544,1661,1425
2024-10-26T20:53:12.000000000Z,3688,1456,2218,4175,7857,6075
2024-10-27T04:16:11.000000000Z,7751,4672,4546,3930,2484,6790
2024-10-26T16:52:45.000000000Z,5487,5642,4623,9476,1838,2514
2024-10-26T17:37:37.000000000Z,2703,7703,1211,1549,3611,8995
2024-10-27T06:31:31.000000000Z,4639,8607,2487,2621,7112,8592
2024-10-26T22:39:54.000000000Z,8876,7752,9820,7346,7648,3600
2024-10-26T17:46:42.000000000Z,9349,798,4740,2679,121,6723
2024-10-27T00:58:06.000000000Z,1327,415,7088,4728,2817,7422
2024-10-27T10:59:05.000000000Z,1119,5237,7484,1221,2821,9041
2024-10-27T02:29:25.000000000Z,7308,524,7552,2653,1590,8461
2024-10-27T13:55:17.000000000Z,7046,3940,1514,9368,3160,6510
2024-10-27T02:42:15.000000000Z,199,9886,8642,4792,5991,9456
2024-10-27T10:16:45.000000000Z,7508,8215,6746,2848,5168,3078
2024-10-27T09:27:43.000000000Z,22,1306,3924,7303,3991,9260
2024-10-27T14:36:37.000000000Z,8061,1316,5118,3254,6715,1346
2024-10-26T17:11:35.000000000Z,1679,478,8313,6765,8493,5573
2024-10-27T13:57:01.000000000Z,9504,8949,8561,702,374,8470
2024-10-26T20:07:07.000000000Z,7175,603,2909,2850,2416,9231
2024-10-27T10:28:50.000000000Z,2689,5321,4657,4999,5312,1330
2024-10-26T20:46:49.000000000Z,1854,9944,8954,8523,4629,6138
2024-10-26T16:09:28.000000000Z,2175,8649,2709,6734,8004,7038
2024-10-27T11:29:29.000000000Z,4387,4165,112,9591,615,4930
2024-10-27T14:54:33.000000000Z,1131,7710,4658,5677,5625,8068
2024-10-27T00:54:49.000000000Z,3363,109,5993,2506,8951,4018
2024-10-27T09:11:52.000000000Z,2204,2567,9704,6284,7232,5722
2024-10-27T07:51:08.000000000Z,9758,9140,8622,909,2203,2865
2024-10-26T20:30:57.000000000Z,8663,6221,5927,3705,58,8487
2024-10-27T11:03:33.000000000Z,60,3517,7646,9179,7950,624
2024-10-27T03:58:53.000000000Z,7570,2659,5793,8860,6676,8788
2024-10-27T13:32:40.000000000Z,1995,3761,5716,2902,3557,3467
2024-10-26T19:22:31.000000000Z,7714,152,1560,5151,373,8492
2024-10-27T09:25:02.000000000Z,5895,6038,4685,4900,6434,1457
2024-10-27T14:14:25.000000000Z,9148,250,728,1863,3619,3150
2024-10-27T00:19:43.000000000Z,3480,3599,4099,6444,9847,9836
2024-10-26T15:22:43.000000000Z,3954,6408,9115,8079,5850,2867
2024-10-27T12:15:05.000000000Z,5421,2466,9238,8269,9795,6133
2024-10-27T08:52:41.000000000Z,4343,6420,9521,9822,3638,6709
2024-10-27T01:04:05.000000000Z,2313,7106,6632,7954,7180,2087
2024-10-26T18:52:37.000000000Z,6573,7969,3915,2816,4296,9013
2024-10-26T18:00:36.000000000Z,662,9168,3480,8664,3240,8529
2024-10-26T21:20:28.000000000Z,708,768,4454,1652,7506,6426
2024-10-27T03:52:21.000000000Z,9109,425,6102,7048,1731,1769
2024-10-26T21:20:14.000000000Z,5864,1374,189,1826,6083,7626
2024-10-26T16:16:55.000000000Z,4868,9224,966,6594,799,1451
2024-10-27T14:40:07.000000000Z,7006,2174,7764,92,8558,6143
2024-10-27T10:58:08.000000000Z,6837,7815,1811,3497,53,3370
2024-10-27T11:19:45.000000000Z,5252,5387,3293,6690,1380,569
2024-10-27T02:21:32.000000000Z,5456,5779,4966,7268,3272,4816
2024-10-27T09:20:21.000000000Z,7662,9899,3358,895,9635,1905
2024-10-26T19:14:19.000000000Z,9794,1154,5483,6226,4035,2725
2024-10-26T23:43:20.000000000Z,7164,1782,3075,2846,99,1646
2024-10-26T19:07:27.000000000Z,492,2108,5467,4728,6445,3283
2024-10-27T11:52:20.000000000Z,3505,3295,7570,6075,5375,1193
2024-10-27T11:58:09.000000000Z,8486,4707,6735,6807,6840,9155
2024-10-27T14:31:55.000000000Z,9090,3627,8042,2103,4945,4591
2024-10-27T12:40:47.000000000Z,1184,2370,7172,7663,7404,1175
2024-10-27T03:39:03.000000000Z,715,6967,8920,3363,7612,8682
2024-10-27T00:20:00.000000000Z,8640,6304,2678,4084,7487,3286
2024-10-26T18:19:32.000000000Z,2979,4855,9018,6007,3931,3325
2024-10-27T12:05:19.000000000Z,839,9944,6066,3457,1302,9202
2024-10-26T16:28:28.000000000Z,6994,4191,7065,8155,7548,5011
2024-10-26T20:39:33.000000000Z,9922,2050,6938,9186,2412,6138
2024-10-27T07:21:40.000000000Z,419,882,5212,9828,2349,5196
2024-10-26T20:42:04.000000000Z,7619,6332,5056,3590,187,658
2024-10-26T21:26:30.000000000Z,3832,8229,1307,9523,4900,3480
2024-10-27T06:10:18.000000000Z,4987,6446,8206,7608,5220,3842
2024-10-26T16:41:53.000000000Z,4432,4474,4365,6577,3678,5603
2024-10-27T09:46:29.000000000Z,6237,8811,6456,897,669,7758
2024-10-27T11:34:17.000000000Z,6343,9854,4209,8275,2762,3225
2024-10-27T11:00:01.000000000Z,4272,160,6211,8488,3894,168
2024-10-26T19:58:20.000000000Z,4292,5358,2344,8511,9605,489
2024-10-26T18:48:59.000000000Z,7997,3916,6309,7303,4049,5939
2024-10-26T19:44:22.000000000Z,3527,5212,3454,4524,4647,3135
2024-10-27T09:27:04.000000000Z,6965,5999,6822,5660,9317,6714
2024-10-26T19:02:33.000000000Z,5481,3431,8095,2020,9221,490
2024-10-26T20:01:42.000000000Z,6636,5715,410,4566,7807,9382
2024-10-27T09:25:38.000000000Z,8537,9672,9198,4326,4996,7822
2024-10-26T15:03:34.000000000Z,9514,1113,1139,4555,4807,7408
2024-10-27T01:15:31.000000000Z,7537,5887,2920,6428,2272,9977
2024-10-26T22:58:06.000000000Z,8414,4382,780,6301,4982,115
2024-10-26T21:33:28.000000000Z,7421,9459,9687,2920,8266,9304
2024-10-27T07:10:11.000000000Z,6046,5420,1228,7209,7865,2841
2024-10-27T11:51:25.000000000Z,6979,628,4114,1818,6187,2885
2024-10-26T17:46:00.000000000Z,5237,2161,9210,8664,2162,2094
2024-10-27T03:28:30.000000000Z,9023,885,4566,3842,9667,2386
2024-10-27T11:10:10.000000000Z,1410,2535,2942,9827,5051,4600
2024-10-27T04:13:04.000000000Z,4723,1860,8775,6765,824,6332
2024-10-26T21:23:15.000000000Z,5924,9578,2894,7225,351,5257
2024-10-26T21:44:36.000000000Z,6889,3359,5950,6522,2591,6961
2024-10-27T12:38:58.000000000Z,6103,5771,3866,581,8438,7363
2024-10-27T01:46:46.000000000Z,531,1799,3447,5443,7430,7195
2024-10-27T10:41:07.000000000Z,6288,1205,1596,6740,407,5599
2024-10-27T01:35:13.000000000Z,1545,352,6512,8576,733,3756
2024-10-27T03:23:54.000000000Z,3450,9106,5479,9848,1356,1710
2024-10-26T15:39:48.000000000Z,8113,3445,2559,3892,6642,3135
2024-10-27T11:34:42.000000000Z,4319,3678,8651,89,8610,4952
2024-10-26T22:02:04.000000000Z,1700,5993,751,9934,9928,9179
2024-10-27T05:34:02.000000000Z,9840,4099,644,9792,2937,9760
2024-10-26T21:23:23.000000000Z,1411,5756,4417,4096,9109,3175
2024-10-27T08:45:40.000000000Z,7905,4941,8036,3813,3046,5774
2024-10-27T02:55:32.000000000Z,7477,8194,7936,6247,8477,7296
2024-10-27T10:33:13.000000000Z,820,4171,3163,7333,2241,6104
2024-10-27T08:52:10.000000000Z,3920,7962,8821,2655,5903,7449
2024-10-26T15:56:42.000000000Z,2165,1875,9429,5488,6237,751
2024-10-27T09:36:32.000000000Z,6873,4738,3248,7072,8434,989
2024-10-27T04:39:54.000000000Z,833,2633,5926,3806,4453,4749
2024-10-27T10:46:06.000000000Z,4253,836,1613,2294,5796,4238
2024-10-27T09:52:59.000000000Z,80,6512,3051,4672,5181,4819
2024-10-27T14:54:06.000000000Z,3453,9871,5216,5623,7127,606
2024-10-27T00:06:13.000000000Z,3936,1197,5514,606,8637,679
2024-10-26T22:06:36.000000000Z,4680,2090,1815,6504,2893,930
2024-10-27T13:52:45.000000000Z,4791,2072,4803,3826,9164,3678
2024-10-27T09:33:57.000000000Z,5366,6322,2120,1396,869,3398
2024-10-27T02:58:53.000000000Z,613,8725,2133,6479,8948,118
2024-10-26T21:45:34.000000000Z,5587,5868,4388,6368,1767,6059
2024-10-26T21:22:07.000000000Z,927,8411,2702,4354,3971,771
2024-10-26T20:17:41.000000000Z,4269,3049,1923,8815,4495,4928
2024-10-27T07:26:44.000000000Z,1300,2996,9640,8591,9053,6236
2024-10-26T16:57:20.000000000Z,1958,6400,5952,8447,8517,6118
2024-10-27T00:53:49.000000000Z,8035,3365,5408,630,9000,9918
2024-10-27T10:35:10.000000000Z,159,5241,840,5638,8694,6387
2024-10-26T22:46:00.000000000Z,8855,2668,4119,7424,6837,1400
2024-10-26T15:24:20.000000000Z,2972,2753,20,5575,3069,509
2024-10-27T05:04:50.000000000Z,1756,1209,7918,6128,3564,807
2024-10-26T19:11:02.000000000Z,2987,7935,5074,7340,663,1163
2024-10-27T10:53:40.000000000Z,2827,3938,8381,4210,4933,9071
2024-10-27T07:48:24.000000000Z,2852,9014,5750,8209,3276,5939
2024-10-27T04:34:48.000000000Z,9563,9482,7461,1735,339,5544
2024-10-26T15:27:57.000000000Z,4146,3865,4023,9184,9659,7850
2024-10-27T04:34:21.000000000Z,8712,8935,9747,9251,328,1930
2024-10-27T09:15:08.000000000Z,7370,7201,1447,9089,4269,4098
2024-10-27T13:11:09.000000000Z,1623,7464,1998,4920,382,9751
2024-10-27T03:20:12.000000000Z,1648,6251,3571,4829,5850,7027
2024-10-27T01:47:58.000000000Z,338,1374,1234,6073,123,918
2024-10-26T17:10:49.000000000Z,7969,4337,7569,3005,9911,3913
2024-10-26T18:01:45.000000000Z,6874,980,4285,1134,3952,1781
2024-10-26T18:56:40.000000000Z,5246,7878,8195,6900,5170,5460
2024-10-27T04:00:23.000000000Z,3940,6350,5150,2450,978,9327
2024-10-27T03:04:29.000000000Z,5869,7592,4903,8369,2827,9674
2024-10-26T19:43:52.000000000Z,6664,4305,4819,7535,7261,665
2024-10-27T03:22:58.000000000Z,3204,6988,5059,6417,6586,9623
2024-10-26T23:34:47.000000000Z,6192,4058,4749,3262,4019,1701
2024-10-26T21:27:48.000000000Z,8486,5222,3753,3899,7797,8106
2024-10-27T05:51:21.000000000Z,7570,8277,1304,4034,8263,3347
2024-10-27T08:16:18.000000000Z,4798,942,4458,4868,71,5725
2024-10-26T22:52:17.000000000Z,2690,3802,5416,3618,2979,5614
2024-10-27T00:56:23.000000000Z,1995,8072,6321,1537,5238,6610
2024-10-27T04:19:30.000000000Z,2500,162,232,1442,8664,6573
2024-10-26T21:18:16.000000000Z,2072,6883,9485,1148,5458,464
2024-10-27T11:36:32.000000000Z,2651,1267,9693,2597,7389,1835
2024-10-27T12:12:32.000000000Z,9723,1170,1924,2007,1420,9593
2024-10-26T23:12:01.000000000Z,2821,4267,9243,2486,9370,6975
2024-10-27T04:30:27.000000000Z,6538,406,3394,9494,7719,9662
2024-10-27T05:52:01.000000000Z,7160,42,7753,6165,74,9054
2024-10-27T11:43:01.000000000Z,5274,7123,9397,2617,6607,646
2024-10-26T16:23:35.000000000Z,2016,1790,6911,1944,9851,8134
2024-10-27T07:02:00.000000000Z,3906,1384,5069,4214,7556,8722
2024-10-27T02:57:26.000000000Z,1648,3418,108,354,4042,3245
2024-10-27T13:57:08.000000000Z,2876,4722,417,1995,2346,9786
2024-10-26T19:04:11.000000000Z,7930,6787,7794,9450,6906,8426
2024-10-26T20:50:12.000000000Z,587,3028,7851,4042,466,6743
2024-10-27T09:50:46.000000000Z,8961,9729,5472,4948,879,1696
2024-10-26T15:26:18.000000000Z,8512,9085,4287,3872,990,6744
2024-10-27T02:27:24.000000000Z,5919,829,1243,3882,5777,4781
2024-10-27T01:18:27.000000000Z,7852,7621,2941,2155,7810,5943
2024-10-27T12:46:30.000000000Z,6133,4276,3959,7021,8535,1019
2024-10-26T17:42:39.000000000Z,6151,4180,5016,8842,9267,4408
2024-10-27T05:28:08.000000000Z,2650,1064,3800,6452,8271,2233
2024-10-27T11:45:33.000000000Z,4697,630,9399,4774,7746,8897
2024-10-26T18:26:03.000000000Z,4510,1177,3833,1458,6371,2042
2024-10-27T11:09:53.000000000Z,449,3948,2927,5203,558,9970
2024-10-26T23:41:03.000000000Z,1883,7715,2264,8767,5822,9311
2024-10-27T12:18:04.000000000Z,8591,8048,8659,6045,4909,6916
2024-10-27T12:13:22.000000000Z,9457,7573,7882,2813,627,4622
2024-10-26T19:46:20.000000000Z,6178,7598,1711,486,7755,2014
2024-10-27T09:13:42.000000000Z,6694,1864,7772,2175,8592,6293
2024-10-26T20:16:23.000000000Z,2001,2174,326,9480,2271,1253
2024-10-26T21:51:23.000000000Z,6746,3069,8188,2812,9859,9895
2024-10-26T16:31:19.000000000Z,2310,4926,1545,6817,8332,9088
2024-10-27T04:57:04.000000000Z,4086,7999,4459,4986,1396,2199
2024-10-26T17:58:06.000000000Z,607,4901,6129,7544,6391,5363
2024-10-27T10:20:20.000000000Z,9644,9442,6584,8932,1166,1232
2024-10-26T23:10:23.000000000Z,1733,4902,7349,1688,6134,705
2024-10-27T06:36:56.000000000Z,1184,1755,4083,1635,4384,6090
2024-10-26T16:02:24.000000000Z,8093,383,5086,1911,4384,2161
2024-10-26T22:12:10.000000000Z,3456,7779,6362,4468,8983,3792
2024-10-27T02:42:02.000000000Z,1110,6087,3530,565,3474,2729
2024-10-27T12:33:37.000000000Z,8284,7958,6160,4701,3882,1176
2024-10-27T07:53:41.000000000Z,5258,290,2126,4814,7355,892
2024-10-26T23:30:23.000000000Z,6935,8341,8032,692,3874,1293
2024-10-26T18:00:28.000000000Z,2400,4506,2053,1283,4155,6853
2024-10-27T09:16:20.000000000Z,4514,4642,9559,5984,3516,7655
2024-10-26T22:08:58.000000000Z,5748,7702,4267,6294,1833,7613
2024-10-27T04:10:28.000000000Z,686,5320,9188,145,296,7427
2024-10-27T09:57:49.000000000Z,2597,5534,8835,5647,2284,3213
2024-10-27T09:45:40.000000000Z,2042,9964,1491,2116,4021,1107
2024-10-27T10:07:19.000000000Z,6346,8925,1858,8835,2377,332
2024-10-26T20:06:43.000000000Z,8164,4806,9259,4766,5240,5661
2024-10-26T17:06:33.000000000Z,6500,7421,2293,5229,4982,2324
2024-10-26T20:51:58.000000000Z,544,6481,1352,8887,4105,9011
2024-10-26T20:01:44.000000000Z,129,3514,1616,8187,3220,3725
2024-10-27T04:30:10.000000000Z,4725,8981,982,9138,1810,277
2024-10-27T13:41:07.000000000Z,8266,2175,8044,2897,6147,9842
2024-10-27T10:18:49.000000000Z,5208,5996,7453,9561,2228,6197
2024-10-27T00:41:05.000000000Z,7590,8789,1285,3125,6733,563
2024-10-27T01:16:43.000000000Z,6447,2677,9008,4318,5136,6544
2024-10-26T21:28:49.000000000Z,5468,2481,7023,1791,9346,8942
2024-10-27T06:13:10.000000000Z,6816,3169,3168,1498,2571,5123
2024-10-26T17:03:52.000000000Z,2077,5121,6362,9980,1979,7836
2024-10-27T01:43:19.000000000Z,1445,9086,1767,3544,2854,1932
2024-10-26T19:27:16.000000000Z,4632,979,6328,2216,1573,5065
2024-10-26T22:02:19.000000000Z,7692,2729,7614,6993,37,7006
2024-10-27T13:14:51.000000000Z,9923,3831,3772,2431,7807,425
2024-10-27T08:50:55.000000000Z,493,2303,8135,7607,422,3052
2024-10-27T09:41:50.000000000Z,9553,1119,8730,4373,373,6010
2024-10-26T22:19:15.000000000Z,4456,4198,8379,3016,9628,3490
2024-10-27T09:03:47.000000000Z,556,7676,7627,2724,6247,5715
2024-10-26T16:36:47.000000000Z,6531,8814,4919,3869,9411,2396
2024-10-26T15:07:15.000000000Z,3306,6934,3280,4886,7826,1816
2024-10-27T09:35:46.000000000Z,8231,5726,6703,6821,7963,560
2024-10-26T15:28:43.000000000Z,3460,3160,2100,1737,3202,9104
