timestamp,motorSPD,motorTEMP,packCCL,packCURR,packTEMP,packVOLT
2024-10-26T15:00:07Z,3994,7375,7644,8425,9076,4410
2024-10-26T15:03:34Z,9514,1113,7408,4807,4555,1139
2024-10-26T15:05:21Z,3615,1252,9039,1849,1854,8704
2024-10-26T15:07:15Z,3306,6934,1816,7826,4886,3280
2024-10-26T15:07:23Z,4154,9683,3651,6136,7266,841
2024-10-26T15:13:00Z,5649,6746,5967,5063,4162,8168
2024-10-26T15:18:24Z,2811,275,6325,8374,2496,2311
2024-10-26T15:22:43Z,3954,6408,2867,5850,8079,9115
2024-10-26T15:22:53Z,3681,890,3806,3695,5840,2582
2024-10-26T15:24:20Z,2972,2753,509,3069,5575,20
2024-10-26T15:26:18Z,8512,9085,6744,990,3872,4287
2024-10-26T15:26:52Z,8649,9300,9681,4215,7284,7786
2024-10-26T15:27:57Z,4146,3865,7850,9659,9184,4023
2024-10-26T15:28:43Z,3460,3160,9104,3202,1737,2100
2024-10-26T15:29:48Z,5185,6274,1073,3033,6192,616
2024-10-26T15:29:57Z,1687,3431,1394,3315,2971,9072
2024-10-26T15:31:57Z,8397,5536,2177,2917,1727,2231
2024-10-26T15:34:42Z,5473,4903,3054,2073,8229,5464
2024-10-26T15:38:40Z,9281,6100,1425,1661,9544,5178
2024-10-26T15:39:48Z,8113,3445,3135,6642,3892,2559
2024-10-26T15:42:52Z,9194,8100,4324,3632,6584,42
2024-10-26T15:43:15Z,8764,3139,3990,9835,8527,7734
2024-10-26T15:44:03Z,8006,1231,1922,7346,1572,8961
2024-10-26T15:48:52Z,4036,3846,5601,4567,6890,6154
2024-10-26T15:50:00Z,6788,7612,725,300,8970,4506
2024-10-26T15:51:32Z,5603,5490,3492,610,4701,1157
2024-10-26T15:55:45Z,6824,7498,8790,9123,8709,857
2024-10-26T15:56:16Z,7131,3710,4855,7762,2088,8573
2024-10-26T15:56:42Z,2165,1875,751,6237,5488,9429
2024-10-26T15:56:46Z,1002,4982,2298,7011,4951,2187
2024-10-26T16:01:00Z,7783,4671,7838,1720,4496,581
2024-10-26T16:01:51Z,5764,3134,970,9844,9366,7984
2024-10-26T16:02:24Z,8093,383,2161,4384,1911,5086
2024-10-26T16:02:35Z,5162,7067,3190,700,643,7266
2024-10-26T16:03:51Z,8528,6545,9871,5585,5584,2291
2024-10-26T16:04:08Z,8295,8539,8791,6194,6801,571
2024-10-26T16:05:45Z,6269,3566,5517,2650,916,6258
2024-10-26T16:09:28Z,2175,8649,7038,8004,6734,2709
2024-10-26T16:11:13Z,4999,6862,5009,7588,5206,7
2024-10-26T16:11:40Z,6623,7746,5950,6234,9826,8926
2024-10-26T16:14:53Z,4028,9083,2613,6386,777,9228
2024-10-26T16:16:55Z,4868,9224,1451,799,6594,966
2024-10-26T16:23:35Z,2016,1790,8134,9851,1944,6911
2024-10-26T16:26:32Z,2278,2559,8385,3017,2564,4852
2024-10-26T16:28:18Z,401,8420,8881,2882,6690,3650
2024-10-26T16:28:28Z,6994,4191,5011,7548,8155,7065
2024-10-26T16:31:19Z,2310,4926,9088,8332,6817,1545
2024-10-26T16:32:03Z,9826,7571,7411,972,8709,8298
2024-10-26T16:32:38Z,7024,8437,8945,595,2196,5043
2024-10-26T16:36:47Z,6531,8814,2396,9411,3869,4919
2024-10-26T16:36:57Z,2512,5759,8424,6450,2659,7977
2024-10-26T16:37:12Z,1019,9076,5519,43,8344,8180
2024-10-26T16:38:12Z,6427,4017,6715,5838,2611,2587
2024-10-26T16:41:53Z,4432,4474,5603,3678,6577,4365
2024-10-26T16:43:49Z,9628,6606,4340,8509,1154,9927
2024-10-26T16:45:18Z,2183,3353,7804,2518,2771,4936
2024-10-26T16:46:54Z,2859,3076,2833,2024,300,9048
2024-10-26T16:48:13Z,416,1137,1362,3985,9584,2479
2024-10-26T16:49:33Z,4692,9098,798,7311,3680,6651
2024-10-26T16:51:04Z,4030,6054,8211,7557,6262,7127
2024-10-26T16:51:23Z,8845,1465,6914,6980,6375,4552
2024-10-26T16:52:45Z,5487,5642,2514,1838,9476,4623
2024-10-26T16:57:16Z,6324,3096,8565,4928,4733,9565
2024-10-26T16:57:20Z,1958,6400,6118,8517,8447,5952
2024-10-26T16:58:53Z,5167,8941,8003,9070,6151,6043
2024-10-26T17:02:24Z,7340,958,1409,5304,4172,22
2024-10-26T17:02:45Z,6422,2252,2318,2363,5971,4162
2024-10-26T17:03:48Z,5997,1897,6613,9901,7901,6374
2024-10-26T17:03:52Z,2077,5121,7836,1979,9980,6362
2024-10-26T17:04:46Z,9164,2440,7547,8244,132,8382
2024-10-26T17:05:25Z,7903,9827,827,8917,6785,20
2024-10-26T17:06:16Z,4462,1866,9153,6108,5470,4488
2024-10-26T17:06:33Z,6500,7421,2324,4982,5229,2293
2024-10-26T17:09:55Z,2795,4940,1720,8176,3744,2655
2024-10-26T17:10:19Z,2613,2975,4857,6881,5011,1212
2024-10-26T17:10:26Z,7620,7069,9613,7698,7539,7903
2024-10-26T17:10:49Z,7969,4337,3913,9911,3005,7569
2024-10-26T17:11:32Z,831,6064,6244,8378,4892,7705
2024-10-26T17:11:35Z,1679,478,5573,8493,6765,8313
2024-10-26T17:12:51Z,6250,9004,9109,6125,9171,6390
2024-10-26T17:13:58Z,4275,8991,8773,5017,2320,2911
2024-10-26T17:14:44Z,2502,2016,2416,388,5383,4747
2024-10-26T17:15:27Z,6532,2170,2341,1499,3746,9141
2024-10-26T17:16:01Z,8116,756,9122,3107,873,6240
2024-10-26T17:17:15Z,2002,8230,2941,4090,8447,7821
2024-10-26T17:18:03Z,4525,6530,1547,8752,438,6076
2024-10-26T17:18:20Z,341,5424,4091,7122,9369,5549
2024-10-26T17:24:45Z,227,1851,9258,2961,2035,8049
2024-10-26T17:25:54Z,867,2811,8562,6607,406,8218
2024-10-26T17:28:03Z,167,853,9167,1423,3800,2559
2024-10-26T17:30:47Z,7353,5864,1775,7570,6690,5118
2024-10-26T17:30:50Z,1815,8775,7902,3794,8292,1254
2024-10-26T17:31:12Z,1391,6684,9119,84,7465,4582
2024-10-26T17:32:30Z,2375,9340,3396,2289,1844,8810
2024-10-26T17:37:37Z,2703,7703,8995,3611,1549,1211
2024-10-26T17:38:56Z,6371,5242,2919,7903,113,4150
2024-10-26T17:40:03Z,7131,236,4693,6843,1070,3629
2024-10-26T17:40:45Z,160,1056,7343,4947,2668,2953
2024-10-26T17:40:56Z,1848,5738,5731,6636,6846,2603
2024-10-26T17:41:45Z,9767,7417,5466,4255,7762,9086
2024-10-26T17:42:39Z,6151,4180,4408,9267,8842,5016
2024-10-26T17:44:23Z,8625,6323,9618,3188,1507,9817
2024-10-26T17:45:25Z,1349,1252,1001,7222,8561,2012
2024-10-26T17:46:00Z,5237,2161,2094,2162,8664,9210
2024-10-26T17:46:42Z,9349,798,6723,121,2679,4740
2024-10-26T17:46:59Z,8845,6588,5682,5490,1206,9993
2024-10-26T17:50:01Z,4845,2619,3538,2301,6696,3099
2024-10-26T17:52:57Z,1271,3687,6399,7574,3988,3966
2024-10-26T17:53:04Z,3813,8666,6894,962,6470,316
2024-10-26T17:53:23Z,6742,1382,5239,7249,9238,6948
2024-10-26T17:55:02Z,9024,8805,8134,5228,4926,7316
2024-10-26T17:57:18Z,4944,8337,3521,916,8901,9326
2024-10-26T17:58:06Z,607,4901,5363,6391,7544,6129
2024-10-26T18:00:28Z,2400,4506,6853,4155,1283,2053
2024-10-26T18:00:36Z,662,9168,8529,3240,8664,3480
2024-10-26T18:01:45Z,6874,980,1781,3952,1134,4285
2024-10-26T18:01:51Z,1330,4416,374,8369,6614,5995
2024-10-26T18:04:55Z,4474,3419,3809,136,386,5641
2024-10-26T18:05:38Z,8694,8821,8931,9221,3758,8637
2024-10-26T18:05:48Z,7936,7949,3423,6432,5013,6543
2024-10-26T18:09:20Z,6727,5356,759,6863,5218,6253
2024-10-26T18:09:28Z,9953,4461,8312,9903,7550,270
2024-10-26T18:11:10Z,6517,2335,9136,6117,4315,9234
2024-10-26T18:12:06Z,9526,1486,3033,8628,9571,3786
2024-10-26T18:12:49Z,5776,393,1569,9950,398,9635
2024-10-26T18:13:22Z,1998,4146,1838,9064,8590,8209
2024-10-26T18:17:09Z,6675,1043,6864,1357,9169,4086
2024-10-26T18:17:57Z,8074,7686,1438,2557,2962,3297
2024-10-26T18:18:06Z,3917,4774,1319,6140,2736,8213
2024-10-26T18:18:33Z,3074,4087,7126,3486,2995,1104
2024-10-26T18:19:32Z,2979,4855,3325,3931,6007,9018
2024-10-26T18:20:04Z,7901,3294,5854,3706,3579,203
2024-10-26T18:20:39Z,2048,5039,5857,2631,8785,8363
2024-10-26T18:21:02Z,3701,8428,8466,77,1378,775
2024-10-26T18:22:38Z,4845,5811,1576,6213,9089,8477
2024-10-26T18:26:03Z,4510,1177,2042,6371,1458,3833
2024-10-26T18:28:33Z,3855,110,4299,4087,1243,7338
2024-10-26T18:31:38Z,6349,6197,6004,2631,8607,7900
2024-10-26T18:35:24Z,5916,1699,1760,5276,1761,8529
2024-10-26T18:35:26Z,5778,2959,6478,9109,3714,1152
2024-10-26T18:40:22Z,5246,3659,5411,4285,3720,9463
2024-10-26T18:43:13Z,6623,2439,1849,7423,8467,9302
2024-10-26T18:45:23Z,9746,271,7502,3721,2786,9045
2024-10-26T18:47:31Z,5614,8213,854,490,8394,2968
2024-10-26T18:47:44Z,4663,8096,9817,4643,5704,6481
2024-10-26T18:48:59Z,7997,3916,5939,4049,7303,6309
2024-10-26T18:50:07Z,357,7885,7598,4598,1523,4603
2024-10-26T18:51:23Z,6804,4109,5507,6853,6757,5555
2024-10-26T18:52:24Z,102,7785,9459,2178,3699,5401
2024-10-26T18:52:37Z,6573,7969,9013,4296,2816,3915
2024-10-26T18:53:00Z,7427,1574,7103,1912,5920,7435
2024-10-26T18:53:15Z,8713,6063,4216,7319,5498,6342
2024-10-26T18:53:59Z,2964,9111,8347,2865,6456,2426
2024-10-26T18:55:33Z,6537,6464,8159,2628,5636,1925
2024-10-26T18:56:40Z,5246,7878,5460,5170,6900,8195
2024-10-26T18:58:11Z,2585,3363,3347,4798,1622,1191
2024-10-26T18:58:51Z,4688,8760,9644,8236,6217,9483
2024-10-26T18:59:24Z,6479,4507,7445,7747,4497,8821
2024-10-26T19:00:39Z,8697,3739,5013,1062,7343,5637
2024-10-26T19:02:33Z,5481,3431,490,9221,2020,8095
2024-10-26T19:02:51Z,8171,9800,528,2426,3001,5246
2024-10-26T19:03:23Z,4091,9359,7208,4047,3706,9651
2024-10-26T19:04:11Z,7930,6787,8426,6906,9450,7794
2024-10-26T19:04:31Z,2643,4536,9279,2990,6302,4017
2024-10-26T19:05:26Z,2927,2247,6657,3533,4770,981
2024-10-26T19:07:27Z,492,2108,3283,6445,4728,5467
2024-10-26T19:08:59Z,9524,4315,7043,3829,3108,4592
2024-10-26T19:09:14Z,6752,9350,6869,2045,6049,4327
2024-10-26T19:10:06Z,7341,5079,9067,1176,2360,9368
2024-10-26T19:10:15Z,7910,6821,9128,972,4567,8250
2024-10-26T19:10:43Z,6338,9203,8535,3271,2755,5077
2024-10-26T19:10:48Z,2383,357,3869,5167,9029,5373
2024-10-26T19:11:02Z,2987,7935,1163,663,7340,5074
2024-10-26T19:13:47Z,9573,1713,8658,4965,1473,299
2024-10-26T19:14:19Z,9794,1154,2725,4035,6226,5483
2024-10-26T19:16:54Z,2477,852,8747,1957,4658,7739
2024-10-26T19:20:29Z,1615,6131,4123,5259,245,8182
2024-10-26T19:22:31Z,7714,152,8492,373,5151,1560
2024-10-26T19:25:37Z,1984,7002,824,1028,5660,6691
2024-10-26T19:25:51Z,4470,7172,8452,270,4251,7829
2024-10-26T19:26:15Z,2101,7198,7153,9387,1572,3931
2024-10-26T19:26:23Z,6982,2007,1296,5373,7240,4789
2024-10-26T19:26:46Z,9397,5751,7449,2286,3516,1242
2024-10-26T19:27:16Z,4632,979,5065,1573,2216,6328
2024-10-26T19:32:35Z,7177,2813,704,4852,5667,9214
2024-10-26T19:35:37Z,1071,2642,4444,4660,8938,6484
2024-10-26T19:36:43Z,7751,126,8081,1040,3510,8094
2024-10-26T19:36:50Z,4685,9216,9875,1969,2055,1835
2024-10-26T19:39:20Z,1949,8347,8244,1514,1671,4517
2024-10-26T19:39:41Z,2323,4392,82,5419,4480,9641
2024-10-26T19:40:15Z,5438,1635,2711,5282,5751,6640
2024-10-26T19:43:40Z,2996,8104,9957,1973,6027,7157
2024-10-26T19:43:52Z,6664,4305,665,7261,7535,4819
2024-10-26T19:44:22Z,3527,5212,3135,4647,4524,3454
2024-10-26T19:46:20Z,6178,7598,2014,7755,486,1711
2024-10-26T19:46:38Z,2592,893,7234,4826,9146,2561
2024-10-26T19:46:41Z,7059,4069,6128,7821,4533,1265
2024-10-26T19:47:41Z,9605,4786,6951,8497,6392,9822
2024-10-26T19:48:42Z,1818,8929,40,1108,7751,2213
2024-10-26T19:51:55Z,2457,859,6759,4519,4010,1466
2024-10-26T19:55:04Z,257,1917,658,8187,7854,7296
2024-10-26T19:57:00Z,4574,3976,9262,6813,8840,1827
2024-10-26T19:58:20Z,4292,5358,489,9605,8511,2344
2024-10-26T19:59:53Z,5426,9682,1596,2828,7264,4633
2024-10-26T20:01:42Z,6636,5715,9382,7807,4566,410
2024-10-26T20:01:44Z,129,3514,3725,3220,8187,1616
2024-10-26T20:04:40Z,6620,6827,5384,4451,7176,6715
2024-10-26T20:05:37Z,6224,4769,1640,7700,1926,465
2024-10-26T20:06:43Z,8164,4806,5661,5240,4766,9259
2024-10-26T20:06:59Z,6340,9806,384,8118,9077,7243
2024-10-26T20:07:07Z,7175,603,9231,2416,2850,2909
2024-10-26T20:08:19Z,5738,3518,8074,7575,9306,1544
2024-10-26T20:14:33Z,144,7156,6510,7367,2025,9045
2024-10-26T20:15:46Z,894,3197,8425,2231,6097,5060
2024-10-26T20:16:23Z,2001,2174,1253,2271,9480,326
2024-10-26T20:17:10Z,1726,6823,5146,8761,8973,896
2024-10-26T20:17:41Z,4269,3049,4928,4495,8815,1923
2024-10-26T20:18:02Z,5422,3484,2675,9762,8035,5539
2024-10-26T20:30:57Z,8663,6221,8487,58,3705,5927
2024-10-26T20:31:53Z,8908,3681,2251,5744,4079,1225
2024-10-26T20:32:29Z,1051,8327,5199,3416,2346,1760
2024-10-26T20:35:48Z,5143,9131,453,3316,5832,5268
2024-10-26T20:36:36Z,8290,5548,1677,6454,1866,3513
2024-10-26T20:36:58Z,2034,923,177,3299,3766,8029
2024-10-26T20:37:25Z,5403,2495,8257,2808,6786,3402
2024-10-26T20:37:49Z,2691,3236,7224,5809,3347,7445
2024-10-26T20:38:59Z,9448,1568,9617,7595,3814,9970
2024-10-26T20:39:33Z,9922,2050,6138,2412,9186,6938
2024-10-26T20:39:43Z,2521,9114,4434,4954,121,5083
2024-10-26T20:41:02Z,7856,3412,8983,5200,5499,9776
2024-10-26T20:41:14Z,696,1625,2623,5813,2877,8451
2024-10-26T20:42:04Z,7619,6332,658,187,3590,5056
2024-10-26T20:45:55Z,7186,7882,4801,7425,2616,7518
2024-10-26T20:46:49Z,1854,9944,6138,4629,8523,8954
2024-10-26T20:50:12Z,587,3028,6743,466,4042,7851
2024-10-26T20:50:21Z,7134,2251,4741,1522,5644,7890
2024-10-26T20:51:48Z,858,5849,7388,3207,3575,4801
2024-10-26T20:51:58Z,544,6481,9011,4105,8887,1352
2024-10-26T20:52:41Z,4297,4497,568,6888,4606,6421
2024-10-26T20:53:12Z,3688,1456,6075,7857,4175,2218
2024-10-26T20:53:13Z,1379,2228,4720,2613,4561,2642
2024-10-26T20:53:39Z,3289,6530,1006,7616,2413,5556
2024-10-26T20:53:46Z,369,4418,7754,520,255,5918
2024-10-26T20:55:04Z,3352,4023,1766,2432,3479,7168
2024-10-26T20:55:11Z,6563,502,7522,267,5366,2688
2024-10-26T20:57:32Z,91,3762,38,3244,4643,3379
2024-10-26T20:57:38Z,5640,3661,6383,6112,2582,4828
2024-10-26T20:58:57Z,9943,4251,788,8514,3667,3088
2024-10-26T20:59:55Z,1451,6307,6365,9805,9858,2491
2024-10-26T21:00:44Z,5132,2736,2198,6191,4696,2765
2024-10-26T21:02:16Z,1426,4912,785,7324,7412,1710
2024-10-26T21:03:42Z,1498,1952,2878,2846,4622,7655
2024-10-26T21:05:45Z,1434,674,4407,4653,4740,2849
2024-10-26T21:07:36Z,4466,813,825,862,1052,4820
2024-10-26T21:07:41Z,4679,7801,4693,7519,82,7500
2024-10-26T21:09:00Z,5159,5590,3221,6442,4656,7329
2024-10-26T21:10:53Z,1990,1789,3828,4600,3259,562
2024-10-26T21:14:34Z,6937,9119,2812,3178,4914,3211
2024-10-26T21:16:23Z,4538,3982,9643,867,646,5195
2024-10-26T21:16:29Z,4598,4444,3554,4708,5182,4590
2024-10-26T21:16:51Z,1375,7534,2991,306,513,445
2024-10-26T21:17:39Z,8393,4060,6182,3945,232,3643
2024-10-26T21:18:16Z,2072,6883,464,5458,1148,9485
2024-10-26T21:20:14Z,5864,1374,7626,6083,1826,189
2024-10-26T21:20:28Z,708,768,6426,7506,1652,4454
2024-10-26T21:20:34Z,5861,800,321,6083,6988,299
2024-10-26T21:22:07Z,927,8411,771,3971,4354,2702
2024-10-26T21:23:15Z,5924,9578,5257,351,7225,2894
2024-10-26T21:23:23Z,1411,5756,3175,9109,4096,4417
2024-10-26T21:24:01Z,6395,5700,5342,5145,6202,9195
2024-10-26T21:24:07Z,6952,1112,1530,7988,2015,8236
2024-10-26T21:24:38Z,4428,5206,1676,1968,5035,1131
2024-10-26T21:24:41Z,6845,5743,684,7661,8240,5966
2024-10-26T21:24:42Z,5439,5623,3611,7863,5620,4985
2024-10-26T21:24:59Z,6702,4430,3447,4170,5421,1063
2024-10-26T21:26:08Z,3525,6046,9743,7007,8424,8628
2024-10-26T21:26:30Z,3832,8229,3480,4900,9523,1307
2024-10-26T21:27:32Z,8229,7473,5018,4818,7722,9839
2024-10-26T21:27:48Z,8486,5222,8106,7797,3899,3753
2024-10-26T21:28:49Z,5468,2481,8942,9346,1791,7023
2024-10-26T21:30:24Z,4315,4651,2740,5260,7039,7187
2024-10-26T21:32:54Z,9401,9958,8573,6657,778,9959
2024-10-26T21:32:55Z,5726,6566,7122,2135,303,1625
2024-10-26T21:33:28Z,7421,9459,9304,8266,2920,9687
2024-10-26T21:35:44Z,3279,2846,9655,2832,1176,3083
2024-10-26T21:36:29Z,5647,150,1511,8742,8946,9039
2024-10-26T21:39:38Z,5170,5484,5583,8979,1287,9664
2024-10-26T21:40:11Z,2324,7438,3897,1301,6264,5226
2024-10-26T21:41:39Z,4486,4300,6265,4914,7867,7014
2024-10-26T21:44:36Z,6889,3359,6961,2591,6522,5950
2024-10-26T21:45:12Z,3880,899,2929,4853,5626,2170
2024-10-26T21:45:34Z,5587,5868,6059,1767,6368,4388
2024-10-26T21:47:27Z,1231,3251,4076,3686,4313,5566
2024-10-26T21:47:32Z,5631,4621,983,6484,1400,8872
2024-10-26T21:51:23Z,6746,3069,9895,9859,2812,8188
2024-10-26T21:53:52Z,6897,6525,9107,5977,4746,7976
2024-10-26T21:54:47Z,9514,8496,4908,3064,4204,2468
2024-10-26T21:55:20Z,8794,3243,74,4652,4144,2465
2024-10-26T21:58:26Z,2655,9398,4975,6027,3031,138
2024-10-26T21:59:34Z,6003,4690,8941,8372,3186,8749
2024-10-26T22:02:04Z,1700,5993,9179,9928,9934,751
2024-10-26T22:02:19Z,7692,2729,7006,37,6993,7614
2024-10-26T22:02:34Z,2803,5191,5860,4259,6948,3791
2024-10-26T22:04:36Z,7854,1215,5168,4293,851,9097
2024-10-26T22:06:06Z,2852,9517,2787,3400,2689,1043
2024-10-26T22:06:36Z,4680,2090,930,2893,6504,1815
2024-10-26T22:06:52Z,1123,7536,2967,5366,4576,2818
2024-10-26T22:07:01Z,4290,5086,7401,9814,6343,820
2024-10-26T22:07:25Z,8963,5545,9615,7705,8778,1908
2024-10-26T22:08:58Z,5748,7702,7613,1833,6294,4267
2024-10-26T22:09:02Z,8305,3597,6538,1759,1968,7705
2024-10-26T22:10:19Z,8582,9879,7887,9880,6516,1857
2024-10-26T22:12:05Z,8221,1613,1966,6392,4668,3848
2024-10-26T22:12:10Z,3456,7779,3792,8983,4468,6362
2024-10-26T22:19:15Z,4456,4198,3490,9628,3016,8379
2024-10-26T22:20:03Z,7059,1927,4534,4934,6096,500
2024-10-26T22:21:29Z,6804,4049,733,4559,5859,3476
2024-10-26T22:23:29Z,8602,8539,3388,8364,5800,5673
2024-10-26T22:27:28Z,3249,8050,9658,4675,8741,6547
2024-10-26T22:30:32Z,1089,8608,8733,3664,2408,9065
2024-10-26T22:31:27Z,7872,7048,9902,9558,4940,3920
2024-10-26T22:32:21Z,5964,2068,6193,5061,4639,4089
2024-10-26T22:34:47Z,3176,1608,2792,1247,8643,3416
2024-10-26T22:34:53Z,7395,7182,3959,1640,1482,3376
2024-10-26T22:39:54Z,8876,7752,3600,7648,7346,9820
2024-10-26T22:40:09Z,7915,6919,643,3127,9858,8126
2024-10-26T22:42:47Z,9887,1149,8197,389,6326,6472
2024-10-26T22:43:54Z,5712,6710,2435,1016,593,7429
2024-10-26T22:45:00Z,152,3764,9939,5534,916,5038
2024-10-26T22:45:57Z,8034,7739,7214,6571,5067,7707
2024-10-26T22:46:00Z,8855,2668,1400,6837,7424,4119
2024-10-26T22:48:34Z,9877,7225,3356,3053,448,4253
2024-10-26T22:48:49Z,2656,5688,4378,5966,3944,9762
2024-10-26T22:52:17Z,2690,3802,5614,2979,3618,5416
2024-10-26T22:53:55Z,7423,6528,9734,46,8385,4454
2024-10-26T22:55:32Z,7855,2326,4578,4081,7281,4180
2024-10-26T22:56:13Z,9562,5651,1813,8312,4781,3424
2024-10-26T22:57:50Z,3936,9959,7911,8303,1145,6810
2024-10-26T22:58:06Z,8414,4382,115,4982,6301,780
2024-10-26T23:02:39Z,2726,636,7771,2323,6067,5978
2024-10-26T23:03:50Z,9057,6302,4036,3333,3630,7643
2024-10-26T23:06:14Z,1562,2381,4402,7371,6423,1237
2024-10-26T23:07:00Z,6065,8797,7102,2103,8120,5449
2024-10-26T23:08:27Z,2837,3370,6176,876,687,8381
2024-10-26T23:10:23Z,1733,4902,705,6134,1688,7349
2024-10-26T23:11:31Z,5096,6770,6919,4165,9374,3917
2024-10-26T23:11:38Z,3332,6516,9500,4194,1149,9838
2024-10-26T23:12:01Z,2821,4267,6975,9370,2486,9243
2024-10-26T23:13:50Z,5083,1823,4341,4681,1974,3239
2024-10-26T23:14:17Z,5378,9175,8876,6039,2805,3149
2024-10-26T23:14:26Z,4520,2768,4271,3349,462,6908
2024-10-26T23:15:57Z,2928,5890,7576,4328,4565,6902
2024-10-26T23:17:25Z,7739,5094,4217,1853,4006,909
2024-10-26T23:18:01Z,1847,7962,5187,5408,2789,4193
2024-10-26T23:18:48Z,3867,971,3510,4481,8993,6920
2024-10-26T23:19:59Z,8312,5833,1262,6842,8166,2118
2024-10-26T23:21:35Z,3404,6135,9703,3541,6102,1994
2024-10-26T23:21:44Z,1227,9147,2093,7762,3057,2544
2024-10-26T23:27:01Z,1340,9354,5944,553,2822,5945
2024-10-26T23:28:48Z,3586,5807,4036,1642,4615,4243
2024-10-26T23:28:51Z,6352,2497,8000,3533,5915,2221
2024-10-26T23:29:11Z,5942,4270,8897,2291,8049,3233
2024-10-26T23:30:23Z,6935,8341,1293,3874,692,8032
2024-10-26T23:31:25Z,7725,8799,1981,1491,6737,599
2024-10-26T23:32:06Z,4594,2252,7491,2123,9609,4059
2024-10-26T23:32:09Z,5793,6335,448,6693,524,731
2024-10-26T23:34:47Z,6192,4058,1701,4019,3262,4749
2024-10-26T23:34:56Z,9267,190,7815,7112,2944,7477
2024-10-26T23:35:22Z,3228,1602,4461,4819,2715,8463
2024-10-26T23:36:43Z,5759,6085,8580,112,997,8908
2024-10-26T23:37:22Z,2571,3852,8096,4183,2980,3277
2024-10-26T23:38:28Z,2012,3266,3947,6524,4920,3949
2024-10-26T23:38:33Z,1829,9419,646,5890,6809,7222
2024-10-26T23:39:53Z,9385,7127,164,9101,4026,3657
2024-10-26T23:41:03Z,1883,7715,9311,5822,8767,2264
2024-10-26T23:41:33Z,2873,2757,3560,3150,2992,4839
2024-10-26T23:43:20Z,7164,1782,1646,99,2846,3075
2024-10-26T23:44:39Z,3849,5140,8865,2465,785,1638
2024-10-26T23:47:21Z,2164,8803,6863,4688,9032,6589
2024-10-26T23:51:56Z,699,2904,1066,1737,5227,109
2024-10-26T23:54:59Z,7784,7252,6482,6558,3283,2144
2024-10-26T23:55:25Z,9903,9227,3486,9131,7133,6360
2024-10-26T23:55:30Z,908,2279,4100,4631,3359,345
2024-10-26T23:55:57Z,9596,9568,2167,7144,6575,8558
2024-10-26T23:58:13Z,4299,7681,5793,4128,2411,7441
2024-10-26T23:58:58Z,6862,6180,3149,2914,5047,8275
2024-10-26T23:59:24Z,5897,7255,6527,7348,1660,7109
2024-10-26T23:59:46Z,2225,1842,7671,1233,2344,571
2024-10-27T00:01:56Z,5154,8814,8279,6940,7087,1618
2024-10-27T00:04:01Z,286,658,5179,7894,4696,2800
2024-10-27T00:04:47Z,3655,3645,2183,1917,5699,6580
2024-10-27T00:05:08Z,8384,5247,6331,2709,2704,7303
2024-10-27T00:05:25Z,3497,7215,8543,8713,6275,1333
2024-10-27T00:06:13Z,3936,1197,679,8637,606,5514
2024-10-27T00:13:35Z,8903,2510,3936,2166,2373,2805
2024-10-27T00:17:29Z,8526,9354,7769,4265,7583,2347
2024-10-27T00:19:43Z,3480,3599,9836,9847,6444,4099
2024-10-27T00:20:00Z,8640,6304,3286,7487,4084,2678
2024-10-27T00:21:25Z,6940,2384,6562,515,4435,3489
2024-10-27T00:26:42Z,4124,1480,5857,1965,8620,8254
2024-10-27T00:27:12Z,4125,9298,2340,6417,8932,1705
2024-10-27T00:30:38Z,1233,9533,5973,2759,6262,7942
2024-10-27T00:33:52Z,9181,1868,5891,5913,9428,4900
2024-10-27T00:36:20Z,5419,910,8493,5099,7482,3223
2024-10-27T00:38:14Z,7267,4799,7838,2338,2898,5896
2024-10-27T00:38:15Z,8393,1609,4571,7556,4630,2916
2024-10-27T00:39:16Z,2208,620,1887,8148,9173,4347
2024-10-27T00:40:20Z,8639,8348,7129,309,3993,4775
2024-10-27T00:40:50Z,5362,9772,8831,6208,4769,9180
2024-10-27T00:41:05Z,7590,8789,563,6733,3125,1285
2024-10-27T00:41:26Z,5913,7472,1840,549,7887,2361
2024-10-27T00:41:55Z,7239,9645,8429,7908,5112,9002
2024-10-27T00:42:32Z,9416,4908,7263,84,7030,6364
2024-10-27T00:47:10Z,1587,6363,450,9760,4741,5927
2024-10-27T00:47:17Z,2476,4003,5599,6979,7204,3969
2024-10-27T00:48:30Z,8282,8809,9230,8711,7371,4325
2024-10-27T00:53:49Z,8035,3365,9918,9000,630,5408
2024-10-27T00:53:58Z,4643,4207,6524,3813,42,5469
2024-10-27T00:54:49Z,3363,109,4018,8951,2506,5993
2024-10-27T00:55:24Z,9769,4499,7714,6397,3766,4014
2024-10-27T00:56:23Z,1995,8072,6610,5238,1537,6321
2024-10-27T00:56:26Z,3424,9941,8800,8592,663,6069
2024-10-27T00:58:06Z,1327,415,7422,2817,4728,7088
2024-10-27T01:01:46Z,1716,7984,3953,3548,6921,5588
2024-10-27T01:02:36Z,3743,4117,2500,1293,7629,7784
2024-10-27T01:04:05Z,2313,7106,2087,7180,7954,6632
2024-10-27T01:05:03Z,5518,5011,883,2675,8936,3527
2024-10-27T01:05:28Z,3928,5457,6213,6124,4942,8263
2024-10-27T01:06:57Z,5880,2458,8746,8845,5648,9767
2024-10-27T01:08:12Z,9185,2598,839,6899,7098,4840
2024-10-27T01:14:57Z,9469,2109,9731,4221,8486,8939
2024-10-27T01:15:31Z,7537,5887,9977,2272,6428,2920
2024-10-27T01:16:43Z,6447,2677,6544,5136,4318,9008
2024-10-27T01:18:05Z,6576,2766,7241,7943,4997,9741
2024-10-27T01:18:27Z,7852,7621,5943,7810,2155,2941
2024-10-27T01:19:17Z,4765,6719,988,9428,764,5074
2024-10-27T01:21:44Z,9824,8458,7115,2456,8161,3798
2024-10-27T01:23:12Z,1071,200,4953,492,3633,6826
2024-10-27T01:25:08Z,1914,7305,6187,5346,5606,1789
2024-10-27T01:25:10Z,6359,5804,9605,8352,5465,5221
2024-10-27T01:25:16Z,2199,2125,4697,6054,8893,1880
2024-10-27T01:26:33Z,6085,1667,3811,1247,4278,5233
2024-10-27T01:28:59Z,109,9320,1726,6245,5240,9971
2024-10-27T01:30:06Z,7439,1339,9928,8864,6371,5597
2024-10-27T01:31:37Z,675,9981,1350,3538,8188,4148
2024-10-27T01:34:40Z,5511,3703,1650,3373,9920,9451
2024-10-27T01:34:56Z,8082,6560,3884,9878,7577,7143
2024-10-27T01:35:13Z,1545,352,3756,733,8576,6512
2024-10-27T01:40:41Z,7783,3352,5373,124,476,6361
2024-10-27T01:40:50Z,8082,427,4982,8992,6793,9453
2024-10-27T01:43:19Z,1445,9086,1932,2854,3544,1767
2024-10-27T01:46:46Z,531,1799,7195,7430,5443,3447
2024-10-27T01:46:54Z,30,7382,6548,5830,5541,5117
2024-10-27T01:47:58Z,338,1374,918,123,6073,1234
2024-10-27T01:48:43Z,9337,2288,6273,2906,4008,4493
2024-10-27T01:49:26Z,5695,6326,5223,6164,632,4850
2024-10-27T01:58:07Z,3207,5176,4482,8467,7023,6276
2024-10-27T02:05:15Z,608,5644,3140,3846,5272,9140
2024-10-27T02:08:57Z,3085,8371,397,2611,2040,5115
2024-10-27T02:09:36Z,4524,4894,9901,6879,9335,2808
2024-10-27T02:09:47Z,1773,2824,7240,5238,4303,4947
2024-10-27T02:09:57Z,5696,1708,7808,3450,9185,8833
2024-10-27T02:12:09Z,1491,5519,5457,2142,7794,6907
2024-10-27T02:13:16Z,4518,596,5559,9574,8960,3320
2024-10-27T02:16:00Z,9687,2070,9546,729,9414,9080
2024-10-27T02:16:51Z,8780,6626,563,634,1860,6646
2024-10-27T02:20:16Z,9559,1624,3214,1347,6386,1083
2024-10-27T02:20:28Z,2877,2512,3158,9975,3438,9486
2024-10-27T02:21:32Z,5456,5779,4816,3272,7268,4966
2024-10-27T02:23:46Z,5566,7622,5841,7178,2234,7860
2024-10-27T02:24:06Z,622,8206,9808,689,1409,6638
2024-10-27T02:26:00Z,6175,2877,4670,1607,6214,1722
2024-10-27T02:27:24Z,5919,829,4781,5777,3882,1243
2024-10-27T02:27:41Z,6733,7484,1611,9328,7337,4430
2024-10-27T02:29:25Z,7308,524,8461,1590,2653,7552
2024-10-27T02:30:31Z,8990,1658,4447,1113,6905,7119
2024-10-27T02:32:31Z,6837,4973,4038,6024,3645,1858
2024-10-27T02:34:00Z,808,89,7355,5146,4051,7858
2024-10-27T02:36:02Z,7684,3814,2561,7678,7227,8388
2024-10-27T02:36:46Z,945,7925,9849,5792,7469,9657
2024-10-27T02:37:21Z,4446,6311,4350,7403,3445,9806
2024-10-27T02:39:05Z,7445,1868,8579,6913,6255,7159
2024-10-27T02:39:59Z,9975,7409,3639,3688,6786,2654
2024-10-27T02:40:48Z,1521,9885,2306,7705,3209,8525
2024-10-27T02:41:45Z,8865,3490,4367,5910,86,394
2024-10-27T02:42:02Z,1110,6087,2729,3474,565,3530
2024-10-27T02:42:15Z,199,9886,9456,5991,4792,8642
2024-10-27T02:43:46Z,7887,9131,873,5808,5937,8877
2024-10-27T02:45:14Z,2941,3042,1608,8273,2465,7529
2024-10-27T02:47:00Z,6890,2135,9460,9152,8812,7391
2024-10-27T02:47:13Z,5799,403,9368,8172,8380,3779
2024-10-27T02:50:52Z,8133,7891,3714,3266,6498,5632
2024-10-27T02:52:20Z,8662,7107,3910,8368,2590,4353
2024-10-27T02:53:13Z,7812,911,9620,5605,6848,3957
2024-10-27T02:53:23Z,8781,5624,1334,6766,9836,3860
2024-10-27T02:54:20Z,407,2648,1456,7156,4712,2460
2024-10-27T02:55:09Z,7678,2522,6130,2887,3147,8074
2024-10-27T02:55:32Z,7477,8194,7296,8477,6247,7936
2024-10-27T02:55:49Z,4111,3569,3177,5648,4814,7530
2024-10-27T02:57:26Z,1648,3418,3245,4042,354,108
2024-10-27T02:58:53Z,613,8725,118,8948,6479,2133
2024-10-27T03:02:31Z,2189,8652,3015,462,1886,9884
2024-10-27T03:02:41Z,4725,4578,7001,9999,6268,6897
2024-10-27T03:02:56Z,3204,6291,2960,5080,5837,7727
2024-10-27T03:04:29Z,5869,7592,9674,2827,8369,4903
2024-10-27T03:04:33Z,5502,734,9883,2941,5178,4656
2024-10-27T03:07:00Z,4037,2677,7024,720,5498,8912
2024-10-27T03:12:44Z,2433,4006,7799,1940,6120,5804
2024-10-27T03:13:06Z,8016,4656,3812,6,8926,381
2024-10-27T03:16:03Z,206,8002,2350,4919,9696,9818
2024-10-27T03:16:23Z,1205,7707,7369,4319,8865,2751
2024-10-27T03:19:57Z,3799,7863,1187,2286,7042,983
2024-10-27T03:20:12Z,1648,6251,7027,5850,4829,3571
2024-10-27T03:21:23Z,1023,4031,2221,47,5632,8352
2024-10-27T03:22:23Z,9604,8736,7937,9627,7245,8720
2024-10-27T03:22:58Z,3204,6988,9623,6586,6417,5059
2024-10-27T03:23:22Z,2118,2801,6075,8777,8140,6229
2024-10-27T03:23:51Z,9755,3809,2894,975,2646,7017
2024-10-27T03:23:53Z,5333,8668,9466,7106,98,1787
2024-10-27T03:23:54Z,3450,9106,1710,1356,9848,5479
2024-10-27T03:25:30Z,4596,3504,439,1514,909,5952
2024-10-27T03:25:33Z,8826,4670,7027,4364,9724,76
2024-10-27T03:28:30Z,9023,885,2386,9667,3842,4566
2024-10-27T03:34:46Z,9709,8345,9815,4668,6753,9915
2024-10-27T03:35:04Z,5873,3726,9633,7701,3189,7525
2024-10-27T03:39:03Z,715,6967,8682,7612,3363,8920
2024-10-27T03:39:11Z,2731,1245,1615,8920,1277,6207
2024-10-27T03:40:32Z,5983,4500,3309,2016,2621,9090
2024-10-27T03:41:46Z,2713,6731,8327,3122,1510,3210
2024-10-27T03:43:14Z,1761,5803,1044,9189,4358,1946
2024-10-27T03:43:48Z,325,6761,47,3971,1028,9568
2024-10-27T03:43:57Z,7762,9032,713,2014,8164,9693
2024-10-27T03:44:58Z,527,3283,1877,5292,7345,7786
2024-10-27T03:47:30Z,9754,285,7821,1734,9232,9835
2024-10-27T03:47:59Z,6475,1554,428,4415,2999,7752
2024-10-27T03:48:08Z,2152,4265,5379,150,3759,5691
2024-10-27T03:48:56Z,6719,7488,4934,7280,8249,8165
2024-10-27T03:49:18Z,6234,6939,9966,52,7481,2174
2024-10-27T03:50:28Z,4256,5486,4410,6237,8217,5480
2024-10-27T03:52:21Z,9109,425,1769,1731,7048,6102
2024-10-27T03:52:59Z,3621,4247,3840,6396,7447,6888
2024-10-27T03:53:12Z,665,5207,8532,6311,1324,2643
2024-10-27T03:53:46Z,4127,7011,2490,6699,6606,4042
2024-10-27T03:55:30Z,1751,9701,2373,9993,9980,293
2024-10-27T03:57:25Z,9361,9028,346,8175,3578,7063
2024-10-27T03:58:53Z,7570,2659,8788,6676,8860,5793
2024-10-27T03:59:20Z,7136,1852,8136,8640,2048,497
2024-10-27T04:00:23Z,3940,6350,9327,978,2450,5150
2024-10-27T04:04:55Z,6829,967,4186,4965,5326,3746
2024-10-27T04:06:40Z,6542,1477,4190,8718,1428,8354
2024-10-27T04:08:52Z,957,2975,8363,8552,5499,1863
2024-10-27T04:09:12Z,7571,9170,5682,2381,3221,6000
2024-10-27T04:10:28Z,686,5320,7427,296,145,9188
2024-10-27T04:11:50Z,7125,4833,6789,5548,234,4519
2024-10-27T04:13:04Z,4723,1860,6332,824,6765,8775
2024-10-27T04:15:01Z,5434,252,6308,63,9234,9472
2024-10-27T04:16:11Z,7751,4672,6790,2484,3930,4546
2024-10-27T04:17:38Z,4209,6230,8494,7365,2524,8718
2024-10-27T04:19:30Z,2500,162,6573,8664,1442,232
2024-10-27T04:21:21Z,7370,6050,321,2307,962,3699
2024-10-27T04:22:54Z,1584,8925,3480,6008,2690,5998
2024-10-27T04:23:31Z,4268,9541,2673,9457,3260,301
2024-10-27T04:30:10Z,4725,8981,277,1810,9138,982
2024-10-27T04:30:27Z,6538,406,9662,7719,9494,3394
2024-10-27T04:30:36Z,5774,1869,9319,63,2590,1564
2024-10-27T04:32:52Z,3184,28,3840,97,1672,4020
2024-10-27T04:33:55Z,7175,3075,931,9129,2781,1324
2024-10-27T04:34:21Z,8712,8935,1930,328,9251,9747
2024-10-27T04:34:48Z,9563,9482,5544,339,1735,7461
2024-10-27T04:37:56Z,90,2000,4242,1021,6144,1087
2024-10-27T04:38:40Z,1885,1729,6148,5879,5957,2356
2024-10-27T04:39:54Z,833,2633,4749,4453,3806,5926
2024-10-27T04:40:48Z,9266,3911,3588,7386,4360,5679
2024-10-27T04:41:17Z,3940,9252,8774,2292,4249,959
2024-10-27T04:43:26Z,3163,1933,5159,9703,9674,7312
2024-10-27T04:43:27Z,6010,1992,6841,4781,8463,8083
2024-10-27T04:56:35Z,9986,6851,2409,8008,9639,3709
2024-10-27T04:57:04Z,4086,7999,2199,1396,4986,4459
2024-10-27T04:57:22Z,6344,1237,1666,4410,2371,6636
2024-10-27T04:58:57Z,1825,5715,1541,1150,4655,4885
2024-10-27T05:00:48Z,692,4450,573,3353,8005,1265
2024-10-27T05:01:59Z,4837,6650,3158,4894,3847,696
2024-10-27T05:03:10Z,4702,2924,4382,9928,6380,6358
2024-10-27T05:03:59Z,4974,5073,2106,9495,699,303
2024-10-27T05:04:50Z,1756,1209,807,3564,6128,7918
2024-10-27T05:09:01Z,7774,7674,7036,4723,1631,1597
2024-10-27T05:09:46Z,3050,8928,1882,5550,6748,876
2024-10-27T05:10:15Z,778,7479,1020,9033,5066,456
2024-10-27T05:12:05Z,5026,4015,8123,1584,6808,2166
2024-10-27T05:12:11Z,2681,629,927,5417,1047,9058
2024-10-27T05:21:18Z,7107,3654,9802,3619,3723,2035
2024-10-27T05:21:19Z,7876,4773,4281,6385,9208,9331
2024-10-27T05:21:38Z,8413,9415,7095,9483,1754,7997
2024-10-27T05:22:35Z,9528,6007,7221,246,6178,3063
2024-10-27T05:22:48Z,3217,3862,6093,6540,1660,9816
2024-10-27T05:25:16Z,7682,757,9507,2482,6211,1847
2024-10-27T05:27:44Z,4017,2525,1875,6073,5577,8023
2024-10-27T05:28:08Z,2650,1064,2233,8271,6452,3800
2024-10-27T05:28:38Z,4103,4016,2954,9410,7015,1225
2024-10-27T05:32:02Z,6297,6676,4608,7044,4555,1073
2024-10-27T05:33:41Z,3415,5863,305,5430,7529,6877
2024-10-27T05:34:02Z,9840,4099,9760,2937,9792,644
2024-10-27T05:35:17Z,8811,3565,1403,5238,194,6151
2024-10-27T05:38:22Z,7688,8192,9698,6985,5106,4465
2024-10-27T05:39:31Z,9148,1983,3389,3680,3656,1969
2024-10-27T05:41:06Z,2867,857,9036,9114,6203,8368
2024-10-27T05:41:36Z,9627,9969,7299,8483,7729,5532
2024-10-27T05:41:39Z,7928,2782,6124,1145,3157,2469
2024-10-27T05:45:33Z,4215,2463,2988,1767,3546,1264
2024-10-27T05:46:46Z,338,6735,7604,921,5282,4729
2024-10-27T05:47:19Z,9869,1572,7257,3056,6286,2642
2024-10-27T05:49:28Z,7177,2415,8758,1666,4430,4436
2024-10-27T05:49:41Z,1665,5913,5241,816,6510,3638
2024-10-27T05:50:43Z,5393,2932,6909,4264,5416,8549
2024-10-27T05:51:21Z,7570,8277,3347,8263,4034,1304
2024-10-27T05:52:01Z,7160,42,9054,74,6165,7753
2024-10-27T05:52:56Z,4069,4436,3178,9007,8446,1396
2024-10-27T05:55:08Z,8273,1037,6987,175,7125,2952
2024-10-27T05:55:22Z,3259,8862,1821,5293,2097,7334
2024-10-27T05:57:09Z,2308,2394,7266,5244,8725,5596
2024-10-27T05:58:52Z,7330,1603,2665,648,2546,258
2024-10-27T06:01:35Z,2891,6035,899,3011,1046,6964
2024-10-27T06:01:43Z,3483,6259,6965,3901,7578,9420
2024-10-27T06:06:48Z,8255,3028,1357,6441,5480,2881
2024-10-27T06:07:22Z,4452,2431,4956,3088,6294,1015
2024-10-27T06:08:52Z,7093,2181,4547,9273,2051,2166
2024-10-27T06:09:45Z,4509,3258,5133,1063,75,4464
2024-10-27T06:10:18Z,4987,6446,3842,5220,7608,8206
2024-10-27T06:13:10Z,6816,3169,5123,2571,1498,3168
2024-10-27T06:14:21Z,1338,7979,3248,4684,1936,6921
2024-10-27T06:14:45Z,7514,487,8288,4404,1287,856
2024-10-27T06:21:27Z,2719,6524,7573,5216,1600,8940
2024-10-27T06:23:26Z,6553,9050,3586,3904,812,7392
2024-10-27T06:24:22Z,5142,9336,49,1921,9003,7952
2024-10-27T06:28:21Z,8978,8658,2703,3547,7636,3020
2024-10-27T06:29:24Z,3770,8004,5115,7808,8727,259
2024-10-27T06:29:26Z,1672,8050,6917,1109,9414,4862
2024-10-27T06:30:47Z,4432,2290,6992,2765,1814,4533
2024-10-27T06:31:31Z,4639,8607,8592,7112,2621,2487
2024-10-27T06:31:41Z,9573,7580,2265,1391,865,8150
2024-10-27T06:31:54Z,8919,4393,2264,9252,908,8532
2024-10-27T06:33:22Z,8499,6274,8404,9470,95,3681
2024-10-27T06:33:57Z,3869,3147,8552,408,9388,7372
2024-10-27T06:34:16Z,6316,4694,197,3017,9694,1208
2024-10-27T06:34:24Z,767,1233,8698,7987,2464,4102
2024-10-27T06:34:32Z,2519,4266,450,2599,6155,5587
2024-10-27T06:36:45Z,8738,5618,9037,2936,3559,2710
2024-10-27T06:36:56Z,1184,1755,6090,4384,1635,4083
2024-10-27T06:38:54Z,8112,5597,6684,297,9589,130
2024-10-27T06:39:04Z,3218,9531,7415,261,1481,9179
2024-10-27T06:39:32Z,8261,2082,4057,7653,119,108
2024-10-27T06:39:43Z,9916,4628,5455,1181,7134,4631
2024-10-27T06:46:55Z,3140,8958,4431,4671,6622,513
2024-10-27T06:49:33Z,1912,4040,1372,1387,9497,9494
2024-10-27T06:50:03Z,2192,6348,2,2544,4469,1850
2024-10-27T06:55:11Z,8492,6326,3375,7111,7338,1144
2024-10-27T06:58:11Z,1448,352,7069,4952,9150,4474
2024-10-27T06:58:37Z,3402,9575,4590,4482,9738,4353
2024-10-27T07:01:43Z,6121,2485,6499,4405,5250,7828
2024-10-27T07:02:00Z,3906,1384,8722,7556,4214,5069
2024-10-27T07:02:35Z,7934,459,3227,819,4320,6618
2024-10-27T07:02:58Z,6261,3133,8339,5847,339,1584
2024-10-27T07:03:15Z,744,5904,960,2001,331,1052
2024-10-27T07:03:39Z,1327,3914,3406,4792,4409,9597
2024-10-27T07:04:05Z,6416,1448,9138,6727,1093,7113
2024-10-27T07:04:06Z,2631,8529,5255,5303,233,1563
2024-10-27T07:07:34Z,3251,9421,3010,5252,4462,7222
2024-10-27T07:08:27Z,6891,5639,6342,641,7793,1122
2024-10-27T07:09:31Z,9804,1871,9966,8514,4839,2450
2024-10-27T07:10:11Z,6046,5420,2841,7865,7209,1228
2024-10-27T07:11:57Z,8436,9325,2218,7259,2367,1209
2024-10-27T07:14:04Z,6753,1508,6196,899,7096,5979
2024-10-27T07:14:20Z,364,455,606,9850,8374,2575
2024-10-27T07:14:44Z,2170,5632,4449,7498,5297,8634
2024-10-27T07:15:37Z,5319,9315,1357,4811,9478,8117
2024-10-27T07:16:58Z,9611,6777,1652,9,1001,7686
2024-10-27T07:17:46Z,276,281,322,2034,5792,8558
2024-10-27T07:21:40Z,419,882,5196,2349,9828,5212
2024-10-27T07:22:00Z,3212,7370,4638,7642,4510,8635
2024-10-27T07:22:19Z,8187,1735,3672,7451,743,7231
2024-10-27T07:24:24Z,7227,4438,8133,2604,7686,3891
2024-10-27T07:25:06Z,9291,4852,661,9357,4980,8255
2024-10-27T07:26:44Z,1300,2996,6236,9053,8591,9640
2024-10-27T07:27:12Z,7878,1692,3258,3515,829,4177
2024-10-27T07:28:08Z,9605,2201,8172,4172,5106,7209
2024-10-27T07:29:46Z,4931,6318,4308,5380,5977,9464
2024-10-27T07:30:26Z,8129,256,8493,3844,7170,2618
2024-10-27T07:30:31Z,8765,5055,6288,9775,9889,1611
2024-10-27T07:31:48Z,5070,2103,9194,9339,7154,1636
2024-10-27T07:32:41Z,3190,1011,9875,4832,6869,5599
2024-10-27T07:34:43Z,4864,4521,410,3097,2392,2220
2024-10-27T07:35:05Z,9069,8780,6910,1656,4364,4206
2024-10-27T07:37:25Z,8254,4808,8356,8795,8551,7696
2024-10-27T07:39:07Z,2712,1348,2359,6369,5958,6139
2024-10-27T07:40:53Z,8113,851,3294,4267,7452,4569
2024-10-27T07:41:30Z,7579,9459,9584,6524,5198,8902
2024-10-27T07:45:11Z,1778,6837,1447,891,9301,4847
2024-10-27T07:48:24Z,2852,9014,5939,3276,8209,5750
2024-10-27T07:51:08Z,9758,9140,2865,2203,909,8622
2024-10-27T07:51:42Z,5215,334,1045,3203,1860,6011
2024-10-27T07:53:41Z,5258,290,892,7355,4814,2126
2024-10-27T07:54:29Z,4627,9835,9326,4552,4359,5339
2024-10-27T07:55:37Z,437,336,1667,1551,3514,2496
2024-10-27T07:58:16Z,8535,4673,8930,6209,1268,2589
2024-10-27T08:00:18Z,4897,5172,4311,728,4542,5592
2024-10-27T08:01:54Z,826,7,5111,8700,4315,4501
2024-10-27T08:04:03Z,6838,7753,9093,3354,447,3484
2024-10-27T08:08:08Z,4939,8252,2596,8670,557,2257
2024-10-27T08:09:45Z,1303,8887,1014,5628,3489,9532
2024-10-27T08:10:14Z,9161,7564,388,970,5290,293
2024-10-27T08:11:35Z,9976,7127,7197,9205,983,494
2024-10-27T08:11:46Z,5348,7873,4664,1770,6887,1032
2024-10-27T08:12:38Z,2458,8455,4202,458,8710,9061
2024-10-27T08:14:08Z,7253,622,2663,7399,9448,1340
2024-10-27T08:14:15Z,4299,7774,4372,773,102,5329
2024-10-27T08:14:35Z,3310,9859,8674,7458,9150,7466
2024-10-27T08:14:57Z,4867,7350,3741,9017,5003,7753
2024-10-27T08:15:08Z,501,2866,1175,9062,4483,4282
2024-10-27T08:15:14Z,541,7108,2429,8330,9805,68
2024-10-27T08:15:17Z,1789,6160,1407,8403,900,4969
2024-10-27T08:16:13Z,8846,5455,5228,7061,1039,639
2024-10-27T08:16:18Z,4798,942,5725,71,4868,4458
2024-10-27T08:23:32Z,610,4465,1424,6756,4333,3428
2024-10-27T08:26:25Z,9355,1344,9284,4466,5758,7539
2024-10-27T08:28:34Z,8629,5374,1462,3009,7810,2063
2024-10-27T08:28:54Z,3814,3398,5235,2821,5539,6502
2024-10-27T08:31:37Z,7653,5421,5657,800,1859,3344
2024-10-27T08:32:03Z,3850,7694,6895,3015,2734,1147
2024-10-27T08:32:13Z,8235,2748,7062,9368,6633,2086
2024-10-27T08:36:29Z,5578,8601,6534,6283,1923,1932
2024-10-27T08:38:11Z,6298,191,9695,7711,6948,4747
2024-10-27T08:39:00Z,9043,5142,8282,3208,1283,6644
2024-10-27T08:40:23Z,7393,794,7449,5417,1474,7048
2024-10-27T08:40:29Z,5564,9609,7194,4309,1488,420
2024-10-27T08:41:13Z,607,9946,1402,6368,3549,1434
2024-10-27T08:44:21Z,4335,1732,3276,2994,9912,726
2024-10-27T08:45:40Z,7905,4941,5774,3046,3813,8036
2024-10-27T08:45:57Z,4529,21,4481,2422,6504,7244
2024-10-27T08:47:02Z,8379,5880,5806,9847,5411,9878
2024-10-27T08:48:14Z,1257,4442,6407,8964,7270,6852
2024-10-27T08:50:55Z,493,2303,3052,422,7607,8135
2024-10-27T08:51:20Z,1113,5926,7483,1570,6552,2215
2024-10-27T08:51:25Z,1231,9603,2279,3376,6660,521
2024-10-27T08:51:32Z,667,7403,2796,9060,2448,6696
2024-10-27T08:52:10Z,3920,7962,7449,5903,2655,8821
2024-10-27T08:52:30Z,5874,4092,8988,919,8363,3367
2024-10-27T08:52:41Z,4343,6420,6709,3638,9822,9521
2024-10-27T08:55:10Z,7181,4615,6853,8506,9597,9983
2024-10-27T09:02:04Z,9780,6333,2817,2358,794,6154
2024-10-27T09:03:47Z,556,7676,5715,6247,2724,7627
2024-10-27T09:08:52Z,4094,2504,6978,9735,5821,1724
2024-10-27T09:09:32Z,7272,6609,5758,4310,8369,5943
2024-10-27T09:11:42Z,7632,436,2943,9789,9822,2874
2024-10-27T09:11:52Z,2204,2567,5722,7232,6284,9704
2024-10-27T09:13:42Z,6694,1864,6293,8592,2175,7772
2024-10-27T09:15:08Z,7370,7201,4098,4269,9089,1447
2024-10-27T09:16:00Z,5315,1507,4970,9855,4938,2362
2024-10-27T09:16:20Z,4514,4642,7655,3516,5984,9559
2024-10-27T09:20:13Z,9237,2751,6593,4765,6686,6771
2024-10-27T09:20:21Z,7662,9899,1905,9635,895,3358
2024-10-27T09:23:19Z,5662,6850,8829,9999,5023,91
2024-10-27T09:23:34Z,1615,1284,3570,6617,6578,5433
2024-10-27T09:24:07Z,7066,9024,5571,962,6966,5243
2024-10-27T09:25:02Z,5895,6038,1457,6434,4900,4685
2024-10-27T09:25:38Z,8537,9672,7822,4996,4326,9198
2024-10-27T09:26:37Z,2513,5560,4362,2226,9175,1478
2024-10-27T09:27:04Z,6965,5999,6714,9317,5660,6822
2024-10-27T09:27:43Z,22,1306,9260,3991,7303,3924
2024-10-27T09:31:13Z,4523,4392,1268,9484,8170,3621
2024-10-27T09:32:45Z,3945,137,6274,6805,918,248
2024-10-27T09:33:57Z,5366,6322,3398,869,1396,2120
2024-10-27T09:35:46Z,8231,5726,560,7963,6821,6703
2024-10-27T09:36:22Z,7654,9178,7575,9703,4971,9692
2024-10-27T09:36:32Z,6873,4738,989,8434,7072,3248
2024-10-27T09:37:08Z,5428,3913,6412,3975,2861,6571
2024-10-27T09:41:01Z,8138,3076,4335,6100,7117,5591
2024-10-27T09:41:50Z,9553,1119,6010,373,4373,8730
2024-10-27T09:42:05Z,5927,921,3731,5232,7574,1976
2024-10-27T09:43:42Z,6895,582,7712,4182,254,2734
2024-10-27T09:45:40Z,2042,9964,1107,4021,2116,1491
2024-10-27T09:46:29Z,6237,8811,7758,669,897,6456
2024-10-27T09:49:22Z,568,5227,1343,585,6612,176
2024-10-27T09:50:46Z,8961,9729,1696,879,4948,5472
2024-10-27T09:51:09Z,3291,1441,8736,8117,9974,7133
2024-10-27T09:52:18Z,3878,464,892,9946,2798,5641
2024-10-27T09:52:59Z,80,6512,4819,5181,4672,3051
2024-10-27T09:54:07Z,2732,9344,7497,5662,194,264
2024-10-27T09:57:49Z,2597,5534,3213,2284,5647,8835
2024-10-27T09:58:32Z,6668,7183,6474,9550,3191,7668
2024-10-27T10:02:03Z,1967,7645,8631,9311,4286,5173
2024-10-27T10:02:54Z,8977,3176,2346,2680,149,1918
2024-10-27T10:05:21Z,7538,2085,4607,5360,9866,5715
2024-10-27T10:07:16Z,1368,1614,6699,9634,4029,5211
2024-10-27T10:07:19Z,6346,8925,332,2377,8835,1858
2024-10-27T10:09:39Z,1813,934,8989,4509,4449,7338
2024-10-27T10:12:42Z,9856,1479,4206,3356,7987,9022
2024-10-27T10:16:45Z,7508,8215,3078,5168,2848,6746
2024-10-27T10:18:08Z,1964,5362,5841,7802,8930,3660
2024-10-27T10:18:49Z,5208,5996,6197,2228,9561,7453
2024-10-27T10:19:15Z,7675,1342,6088,683,3805,4344
2024-10-27T10:20:20Z,9644,9442,1232,1166,8932,6584
2024-10-27T10:27:20Z,519,2650,5451,6138,1739,8400
2024-10-27T10:28:50Z,2689,5321,1330,5312,4999,4657
2024-10-27T10:33:13Z,820,4171,6104,2241,7333,3163
2024-10-27T10:33:29Z,6597,6715,2423,6955,300,9811
2024-10-27T10:34:11Z,6194,8327,2627,6598,7607,3496
2024-10-27T10:35:10Z,159,5241,6387,8694,5638,840
2024-10-27T10:40:03Z,6474,7035,8461,3907,4236,6734
2024-10-27T10:41:07Z,6288,1205,5599,407,6740,1596
2024-10-27T10:41:14Z,4506,5631,5826,883,2463,5644
2024-10-27T10:41:19Z,2415,3947,4023,6885,2580,7377
2024-10-27T10:42:11Z,5466,4452,4659,4766,3544,3955
2024-10-27T10:42:23Z,6849,2108,3499,3331,9250,7436
2024-10-27T10:42:36Z,4754,8442,3345,2845,667,254
2024-10-27T10:43:30Z,183,1997,7350,2292,6239,2610
2024-10-27T10:45:39Z,937,1250,4519,6403,2758,2262
2024-10-27T10:45:57Z,4825,2856,9328,8277,8560,5893
2024-10-27T10:46:06Z,4253,836,4238,5796,2294,1613
2024-10-27T10:47:13Z,7192,4085,4946,3102,8666,9529
2024-10-27T10:47:49Z,4251,2966,4306,4665,3011,1467
2024-10-27T10:52:43Z,8568,1378,3907,5558,2434,9837
2024-10-27T10:53:36Z,7393,3635,3018,4389,1745,8835
2024-10-27T10:53:40Z,2827,3938,9071,4933,4210,8381
2024-10-27T10:54:09Z,5025,5581,7684,6475,1389,7555
2024-10-27T10:56:26Z,9304,6116,7724,9228,7954,8996
2024-10-27T10:56:38Z,4084,5495,1727,3964,9594,3303
2024-10-27T10:56:55Z,3342,2480,9216,4956,2356,5675
2024-10-27T10:58:08Z,6837,7815,3370,53,3497,1811
2024-10-27T10:59:05Z,1119,5237,9041,2821,1221,7484
2024-10-27T11:00:01Z,4272,160,168,3894,8488,6211
2024-10-27T11:00:37Z,4829,1071,926,3422,1960,7241
2024-10-27T11:01:17Z,7198,8809,2550,3705,3049,8534
2024-10-27T11:01:51Z,9494,3404,8249,1680,8988,1269
2024-10-27T11:03:33Z,60,3517,624,7950,9179,7646
2024-10-27T11:05:38Z,7746,697,3037,844,6685,6956
2024-10-27T11:07:13Z,1258,3050,6889,8593,9414,3468
2024-10-27T11:09:46Z,7609,199,7659,9913,3330,5669
2024-10-27T11:09:53Z,449,3948,9970,558,5203,2927
2024-10-27T11:10:10Z,1410,2535,4600,5051,9827,2942
2024-10-27T11:10:18Z,6853,3199,7208,3841,2193,8864
2024-10-27T11:12:21Z,108,3208,3146,5777,8104,2349
2024-10-27T11:15:53Z,3292,2106,3603,2113,8974,1722
2024-10-27T11:18:13Z,2710,7196,1237,6595,1050,3774
2024-10-27T11:19:45Z,5252,5387,569,1380,6690,3293
2024-10-27T11:23:25Z,2298,1072,3313,5991,5875,5441
2024-10-27T11:24:05Z,5305,9811,7248,5867,559,9759
2024-10-27T11:24:17Z,5169,4901,7804,6968,5133,5081
2024-10-27T11:26:00Z,9683,2924,7238,431,33,9896
2024-10-27T11:27:13Z,6824,7710,4175,1308,5297,3443
2024-10-27T11:28:50Z,7937,8722,6095,7272,3370,4240
2024-10-27T11:29:07Z,9219,7617,2387,426,9662,3981
2024-10-27T11:29:29Z,4387,4165,4930,615,9591,112
2024-10-27T11:31:05Z,8915,5552,2864,7333,8614,3277
2024-10-27T11:33:01Z,1092,1274,9298,6961,7448,8628
2024-10-27T11:33:39Z,2887,1388,1358,588,1775,8375
2024-10-27T11:34:17Z,6343,9854,3225,2762,8275,4209
2024-10-27T11:34:42Z,4319,3678,4952,8610,89,8651
2024-10-27T11:34:50Z,5532,1215,2724,3878,4331,3141
2024-10-27T11:36:32Z,2651,1267,1835,7389,2597,9693
2024-10-27T11:38:19Z,5905,9822,2675,8393,6916,6765
2024-10-27T11:39:20Z,2004,4042,3347,2438,6836,9544
2024-10-27T11:41:18Z,7042,99,8836,6218,5406,4132
2024-10-27T11:43:01Z,5274,7123,646,6607,2617,9397
2024-10-27T11:43:46Z,6619,1907,3766,654,9533,890
2024-10-27T11:45:33Z,4697,630,8897,7746,4774,9399
2024-10-27T11:46:04Z,1424,6330,3097,514,7286,880
2024-10-27T11:46:27Z,7545,5777,2938,7357,2315,1126
2024-10-27T11:46:35Z,7276,6554,998,7517,1849,1800
2024-10-27T11:49:26Z,2780,7480,4196,9172,1688,4067
2024-10-27T11:50:40Z,6771,9004,3821,9541,6290,7416
2024-10-27T11:51:25Z,6979,628,2885,6187,1818,4114
2024-10-27T11:52:08Z,9420,7522,6520,5686,4506,3393
2024-10-27T11:52:20Z,3505,3295,1193,5375,6075,7570
2024-10-27T11:54:13Z,7699,6213,8182,5930,2575,5891
2024-10-27T11:56:09Z,2730,9204,4658,6107,9986,8570
2024-10-27T11:56:42Z,9972,2318,3973,6502,2964,7553
2024-10-27T11:57:55Z,4518,8329,3278,4173,4079,7847
2024-10-27T11:58:09Z,8486,4707,9155,6840,6807,6735
2024-10-27T11:58:15Z,9411,9316,4398,7258,5860,4321
2024-10-27T12:01:13Z,5953,9378,3185,6130,6036,4716
2024-10-27T12:01:49Z,7597,8762,3003,5958,2223,9198
2024-10-27T12:05:19Z,839,9944,9202,1302,3457,6066
2024-10-27T12:09:52Z,9557,4988,6159,155,3860,5719
2024-10-27T12:12:32Z,9723,1170,9593,1420,2007,1924
2024-10-27T12:13:22Z,9457,7573,4622,627,2813,7882
2024-10-27T12:13:43Z,7854,9583,8629,4007,6531,7571
2024-10-27T12:14:06Z,643,6640,6312,630,1476,895
2024-10-27T12:15:01Z,2337,5663,6953,2740,9946,4490
2024-10-27T12:15:05Z,5421,2466,6133,9795,8269,9238
2024-10-27T12:15:30Z,2365,3859,7456,4616,6537,9451
2024-10-27T12:15:40Z,4662,3452,9520,720,9132,8395
2024-10-27T12:18:04Z,8591,8048,6916,4909,6045,8659
2024-10-27T12:18:50Z,9537,4658,7833,6085,3440,5939
2024-10-27T12:18:54Z,2186,6408,1140,1306,8157,1368
2024-10-27T12:18:58Z,2416,385,2480,1133,7243,4742
2024-10-27T12:22:25Z,2263,2273,742,2209,9942,137
2024-10-27T12:23:50Z,6935,2156,6640,3782,9300,7551
2024-10-27T12:26:45Z,620,4131,1259,4567,9002,886
2024-10-27T12:30:33Z,4929,6484,2799,8729,6968,7366
2024-10-27T12:33:37Z,8284,7958,1176,3882,4701,6160
2024-10-27T12:35:35Z,6198,1835,9859,7693,178,3481
2024-10-27T12:36:39Z,3193,3196,3269,2497,7237,3494
2024-10-27T12:38:58Z,6103,5771,7363,8438,581,3866
2024-10-27T12:40:47Z,1184,2370,1175,7404,7663,7172
2024-10-27T12:41:14Z,7501,8880,43,928,5619,368
2024-10-27T12:42:23Z,364,5008,3973,5481,7967,2761
2024-10-27T12:43:38Z,7867,1077,8125,1854,5930,8260
2024-10-27T12:45:58Z,5812,176,7019,7786,452,8354
2024-10-27T12:46:30Z,6133,4276,1019,8535,7021,3959
2024-10-27T12:47:51Z,923,245,948,7342,3558,6517
2024-10-27T12:48:51Z,6174,6649,5439,6549,9435,2012
2024-10-27T12:52:50Z,7295,7092,9429,799,1970,2604
2024-10-27T12:53:54Z,3611,7230,9793,3338,7632,5030
2024-10-27T12:55:38Z,4079,534,3540,3921,1243,3503
2024-10-27T12:56:41Z,9945,9580,5837,2620,6007,9296
2024-10-27T12:57:19Z,7578,1355,3763,8220,259,7293
2024-10-27T12:57:31Z,7868,5271,4295,4849,3448,9073
2024-10-27T12:58:03Z,8769,1074,9883,7285,2232,4714
2024-10-27T12:58:14Z,9669,7222,9170,1684,9796,5320
2024-10-27T12:58:52Z,5818,3474,4671,5284,9591,7826
2024-10-27T12:59:52Z,5633,2034,2940,6260,5667,117
2024-10-27T13:00:36Z,6133,4118,7560,6619,2545,4500
2024-10-27T13:07:09Z,9562,5265,7153,9201,5568,4944
2024-10-27T13:10:24Z,8609,7145,8425,9054,5370,8802
2024-10-27T13:11:09Z,1623,7464,9751,382,4920,1998
2024-10-27T13:11:50Z,7185,3376,396,4912,8225,9471
2024-10-27T13:14:51Z,9923,3831,425,7807,2431,3772
2024-10-27T13:16:05Z,6932,6388,2347,6341,6674,966
2024-10-27T13:19:25Z,3563,7552,4996,5993,1376,6730
2024-10-27T13:20:33Z,2226,450,4521,1808,1276,1755
2024-10-27T13:20:42Z,911,8043,4575,7239,565,8941
2024-10-27T13:32:40Z,1995,3761,3467,3557,2902,5716
2024-10-27T13:32:47Z,6118,8253,7968,9476,9256,9482
2024-10-27T13:33:04Z,4463,3543,8448,6232,1834,1878
2024-10-27T13:33:15Z,1424,134,7940,7056,1393,3022
2024-10-27T13:33:52Z,4060,786,4927,1292,4358,7629
2024-10-27T13:33:56Z,804,2537,5488,8211,9976,3378
2024-10-27T13:40:44Z,8928,3646,1288,5133,6529,5186
2024-10-27T13:41:01Z,7178,9328,7291,9813,716,3664
2024-10-27T13:41:07Z,8266,2175,9842,6147,2897,8044
2024-10-27T13:43:18Z,9448,7273,480,1885,8126,5023
2024-10-27T13:45:02Z,8735,9659,6703,3510,6815,2284
2024-10-27T13:45:25Z,1199,3778,9530,3318,2056,4586
2024-10-27T13:45:52Z,9361,5433,5674,5713,3369,9787
2024-10-27T13:47:24Z,9037,1460,2371,9497,7605,3507
2024-10-27T13:49:14Z,2323,8162,3165,6863,1889,7737
2024-10-27T13:51:10Z,2110,522,4960,8615,7370,2000
2024-10-27T13:51:16Z,6897,127,4620,9104,5629,7185
2024-10-27T13:52:44Z,8718,5119,749,7350,655,4039
2024-10-27T13:52:45Z,4791,2072,3678,9164,3826,4803
2024-10-27T13:53:34Z,4964,6465,4799,2329,3012,5629
2024-10-27T13:55:17Z,7046,3940,6510,3160,9368,1514
2024-10-27T13:56:19Z,5689,1480,6310,2843,9216,5491
2024-10-27T13:57:01Z,9504,8949,8470,374,702,8561
2024-10-27T13:57:08Z,2876,4722,9786,2346,1995,417
2024-10-27T13:57:38Z,1798,9904,6774,7824,2896,9537
2024-10-27T13:58:08Z,3009,3127,4032,1560,5479,1609
2024-10-27T13:58:10Z,5206,8201,5844,7227,5128,5233
2024-10-27T14:02:56Z,3446,920,2697,9790,966,278
2024-10-27T14:03:18Z,9507,5574,6470,5175,3966,7442
2024-10-27T14:05:18Z,4703,2893,619,4881,6758,1801
2024-10-27T14:05:44Z,2448,3088,5301,26,6156,9496
2024-10-27T14:06:39Z,8947,8286,4152,8138,2902,807
2024-10-27T14:10:58Z,8601,3435,1600,5605,2483,385
2024-10-27T14:13:28Z,6449,7814,4366,2462,515,3788
2024-10-27T14:14:25Z,9148,250,3150,3619,1863,728
2024-10-27T14:16:11Z,8778,3031,5314,6749,7786,1485
2024-10-27T14:22:41Z,3170,4332,2740,6516,7813,9224
2024-10-27T14:22:48Z,7199,2212,6148,9877,8626,8792
2024-10-27T14:23:40Z,2869,2096,4309,7229,2574,2256
2024-10-27T14:24:24Z,6392,1458,911,4356,6386,7258
2024-10-27T14:24:55Z,1495,9952,7208,6509,6007,6425
2024-10-27T14:27:10Z,2389,3946,5957,3402,8787,6194
2024-10-27T14:31:24Z,356,6963,4254,3164,2403,7240
2024-10-27T14:31:55Z,9090,3627,4591,4945,2103,8042
2024-10-27T14:34:42Z,5755,4888,4636,4632,4176,2781
2024-10-27T14:36:37Z,8061,1316,1346,6715,3254,5118
2024-10-27T14:37:31Z,6518,6384,6626,8995,2219,6258
2024-10-27T14:39:19Z,161,6716,7091,3573,925,3671
2024-10-27T14:39:57Z,3501,5909,1324,9304,8084,8239
2024-10-27T14:40:07Z,7006,2174,6143,8558,92,7764
2024-10-27T14:42:02Z,8924,3775,8962,9562,3542,9775
2024-10-27T14:44:14Z,3126,9430,7442,9827,1316,1582
2024-10-27T14:45:51Z,7998,1279,8399,570,3824,7215
2024-10-27T14:46:46Z,4711,8231,9054,79,6556,8527
2024-10-27T14:48:54Z,6628,6053,4282,5606,5581,6916
2024-10-27T14:49:43Z,3524,2510,5944,9119,1023,2059
2024-10-27T14:50:44Z,965,1730,1224,9103,4848,4374
2024-10-27T14:52:07Z,1470,8510,543,34,4968,6015
2024-10-27T14:52:39Z,1182,8222,1332,3928,4174,9408
2024-10-27T14:53:22Z,4267,655,1266,6709,580,5479
2024-10-27T14:54:06Z,3453,9871,606,7127,5623,5216
2024-10-27T14:54:33Z,1131,7710,8068,5625,5677,4658
2024-10-27T14:54:40Z,8575,306,3857,8312,4375,3072
2024-10-27T14:56:53Z,6764,4741,784,156,3439,1129
2024-10-27T14:57:23Z,466,7641,7180,776,3457,7334
2024-10-27T14:57:56Z,3185,4555,568,6646,9421,343
